day,open,high,low,close,volume
2024-05-20 14:45:00,3.21,3.21,3.2,3.2,6000
2024-05-20 14:46:00,3.21,3.21,3.2,3.21,18100
2024-05-20 14:47:00,3.21,3.21,3.21,3.21,74800
2024-05-20 14:48:00,3.21,3.22,3.2,3.2,112900
2024-05-20 14:49:00,3.21,3.21,3.2,3.21,8200
2024-05-20 14:50:00,3.21,3.21,3.2,3.21,22700
2024-05-20 14:51:00,3.21,3.21,3.2,3.21,68557
2024-05-20 14:52:00,3.21,3.21,3.2,3.2,47043
2024-05-20 14:53:00,3.21,3.21,3.2,3.2,14000
2024-05-20 14:54:00,3.21,3.21,3.2,3.21,109300
2024-05-20 14:55:00,3.21,3.22,3.21,3.22,93400
2024-05-20 14:56:00,3.22,3.22,3.2,3.22,43500
2024-05-20 14:57:00,3.21,3.21,3.2,3.2,26700
2024-05-20 15:00:00,3.21,3.21,3.21,3.21,35300
2024-05-21 09:31:00,3.2,3.21,3.18,3.18,175100
2024-05-21 09:32:00,3.18,3.19,3.18,3.19,15400
2024-05-21 09:33:00,3.19,3.2,3.18,3.2,33200
2024-05-21 09:34:00,3.2,3.2,3.19,3.19,27400
2024-05-21 09:35:00,3.19,3.2,3.19,3.2,2000
2024-05-21 09:36:00,3.19,3.2,3.19,3.2,24300
2024-05-21 09:37:00,3.2,3.2,3.19,3.2,5900
2024-05-21 09:38:00,3.19,3.2,3.19,3.2,61200
2024-05-21 09:39:00,3.2,3.21,3.19,3.21,35000
2024-05-21 09:40:00,3.2,3.2,3.19,3.2,53600
2024-05-21 09:41:00,3.2,3.2,3.19,3.2,42100
2024-05-21 09:42:00,3.2,3.2,3.19,3.2,16800
2024-05-21 09:43:00,3.19,3.19,3.18,3.19,68000
2024-05-21 09:44:00,3.18,3.19,3.18,3.19,7300
2024-05-21 09:45:00,3.18,3.19,3.18,3.19,8800
2024-05-21 09:46:00,3.18,3.19,3.18,3.19,87000
2024-05-21 09:47:00,3.18,3.19,3.18,3.19,6700
2024-05-21 09:48:00,3.18,3.19,3.18,3.19,6900
2024-05-21 09:49:00,3.18,3.19,3.18,3.18,17800
2024-05-21 09:50:00,3.18,3.19,3.18,3.19,77900
2024-05-21 09:51:00,3.18,3.18,3.17,3.18,39900
2024-05-21 09:52:00,3.17,3.18,3.17,3.18,800
2024-05-21 09:53:00,3.18,3.18,3.17,3.17,44800
2024-05-21 09:54:00,3.17,3.18,3.17,3.18,105900
2024-05-21 09:55:00,3.18,3.18,3.17,3.18,3200
2024-05-21 09:56:00,3.17,3.18,3.17,3.18,126200
2024-05-21 09:57:00,3.17,3.18,3.17,3.17,5700
2024-05-21 09:58:00,3.17,3.17,3.16,3.16,6000
2024-05-21 09:59:00,3.16,3.17,3.16,3.17,35700
2024-05-21 10:00:00,3.16,3.17,3.16,3.16,26300
2024-05-21 10:01:00,3.17,3.18,3.16,3.18,73500
2024-05-21 10:02:00,3.18,3.18,3.17,3.18,13600
2024-05-21 10:03:00,3.18,3.18,3.17,3.17,27200
2024-05-21 10:04:00,3.17,3.17,3.17,3.17,9400
2024-05-21 10:05:00,3.17,3.17,3.17,3.17,7400
2024-05-21 10:06:00,3.17,3.17,3.17,3.17,3000
2024-05-21 10:07:00,3.17,3.17,3.17,3.17,19800
2024-05-21 10:08:00,3.17,3.19,3.17,3.19,41800
2024-05-21 10:09:00,3.18,3.19,3.18,3.19,14800
2024-05-21 10:10:00,3.19,3.19,3.18,3.18,2000
2024-05-21 10:11:00,3.19,3.19,3.18,3.19,3700
2024-05-21 10:12:00,3.19,3.19,3.19,3.19,34300
2024-05-21 10:13:00,3.18,3.19,3.18,3.18,12600
2024-05-21 10:14:00,3.18,3.19,3.18,3.19,47800
2024-05-21 10:15:00,3.19,3.19,3.18,3.18,8500
2024-05-21 10:16:00,3.18,3.19,3.18,3.18,9400
2024-05-21 10:17:00,3.18,3.19,3.18,3.18,3400
2024-05-21 10:18:00,3.18,3.18,3.18,3.18,137600
2024-05-21 10:19:00,3.18,3.18,3.17,3.18,18700
2024-05-21 10:20:00,3.17,3.18,3.17,3.18,24700
2024-05-21 10:21:00,3.18,3.19,3.18,3.19,33900
2024-05-21 10:22:00,3.18,3.18,3.18,3.18,2500
2024-05-21 10:23:00,3.18,3.19,3.18,3.19,21000
2024-05-21 10:24:00,3.18,3.18,3.18,3.18,2400
2024-05-21 10:25:00,3.18,3.18,3.18,3.18,500
2024-05-21 10:26:00,3.19,3.19,3.18,3.18,800
2024-05-21 10:27:00,3.19,3.19,3.18,3.18,21500
2024-05-21 10:28:00,3.18,3.19,3.18,3.18,7600
2024-05-21 10:29:00,3.18,3.18,3.18,3.18,2800
2024-05-21 10:30:00,3.18,3.18,3.18,3.18,5900
2024-05-21 10:31:00,3.18,3.19,3.18,3.19,12000
2024-05-21 10:32:00,3.19,3.19,3.18,3.18,26300
2024-05-21 10:33:00,3.19,3.19,3.18,3.18,3900
2024-05-21 10:36:00,3.18,3.19,3.18,3.19,2900
2024-05-21 10:37:00,3.19,3.19,3.19,3.19,300
2024-05-21 10:38:00,3.19,3.19,3.19,3.19,100
2024-05-21 10:40:00,3.19,3.19,3.18,3.19,1100
2024-05-21 10:42:00,3.19,3.19,3.18,3.18,3300
2024-05-21 10:43:00,3.18,3.19,3.18,3.18,18900
2024-05-21 10:44:00,3.19,3.19,3.19,3.19,4200
2024-05-21 10:45:00,3.19,3.19,3.19,3.19,300
2024-05-21 10:46:00,3.18,3.19,3.18,3.18,9000
2024-05-21 10:47:00,3.18,3.19,3.18,3.18,46500
2024-05-21 10:48:00,3.18,3.18,3.18,3.18,6300
2024-05-21 10:49:00,3.18,3.19,3.17,3.18,40600
2024-05-21 10:50:00,3.17,3.18,3.17,3.17,15700
2024-05-21 10:51:00,3.18,3.18,3.18,3.18,500
2024-05-21 10:52:00,3.18,3.18,3.18,3.18,2200
2024-05-21 10:54:00,3.18,3.18,3.17,3.17,27700
2024-05-21 10:55:00,3.18,3.18,3.17,3.18,1400
2024-05-21 10:56:00,3.17,3.18,3.17,3.18,677
2024-05-21 10:57:00,3.18,3.18,3.17,3.17,500
2024-05-21 10:58:00,3.18,3.18,3.17,3.17,6400
2024-05-21 10:59:00,3.17,3.18,3.17,3.18,21600
2024-05-21 11:00:00,3.17,3.19,3.17,3.18,71700
2024-05-21 11:01:00,3.18,3.18,3.17,3.18,4100
2024-05-21 11:02:00,3.18,3.18,3.17,3.18,1800
2024-05-21 11:03:00,3.18,3.18,3.17,3.17,3000
2024-05-21 11:04:00,3.18,3.18,3.17,3.18,2400
2024-05-21 11:05:00,3.17,3.18,3.17,3.18,6000
2024-05-21 11:06:00,3.18,3.18,3.17,3.18,11000
2024-05-21 11:07:00,3.17,3.17,3.17,3.17,2400
2024-05-21 11:08:00,3.17,3.18,3.17,3.18,4100
2024-05-21 11:09:00,3.17,3.18,3.17,3.18,9200
2024-05-21 11:10:00,3.18,3.18,3.17,3.17,3800
2024-05-21 11:11:00,3.17,3.18,3.17,3.18,3100
2024-05-21 11:12:00,3.18,3.18,3.17,3.17,2800
2024-05-21 11:13:00,3.18,3.18,3.17,3.17,4100
2024-05-21 11:14:00,3.17,3.18,3.17,3.17,1800
2024-05-21 11:15:00,3.17,3.17,3.17,3.17,800
2024-05-21 11:16:00,3.17,3.17,3.17,3.17,500
2024-05-21 11:17:00,3.17,3.18,3.17,3.17,19800
2024-05-21 11:18:00,3.17,3.17,3.17,3.17,800
2024-05-21 11:19:00,3.17,3.18,3.17,3.17,15200
2024-05-21 11:20:00,3.17,3.18,3.17,3.17,44900
2024-05-21 11:21:00,3.17,3.17,3.17,3.17,7600
2024-05-21 11:22:00,3.17,3.17,3.17,3.17,4300
2024-05-21 11:23:00,3.17,3.17,3.17,3.17,75800
2024-05-21 11:24:00,3.17,3.18,3.17,3.17,59800
2024-05-21 11:25:00,3.18,3.18,3.17,3.17,1000
2024-05-21 11:26:00,3.17,3.17,3.17,3.17,1900
2024-05-21 11:27:00,3.18,3.18,3.17,3.17,1000
2024-05-21 11:28:00,3.17,3.17,3.17,3.17,9500
2024-05-21 11:29:00,3.18,3.18,3.17,3.17,6700
2024-05-21 11:30:00,3.17,3.18,3.16,3.16,24900
2024-05-21 13:01:00,3.18,3.18,3.17,3.17,30500
2024-05-21 13:02:00,3.17,3.18,3.17,3.17,8600
2024-05-21 13:03:00,3.17,3.17,3.17,3.17,100
2024-05-21 13:04:00,3.17,3.17,3.17,3.17,2300
2024-05-21 13:05:00,3.17,3.17,3.17,3.17,20600
2024-05-21 13:06:00,3.17,3.17,3.17,3.17,1400
2024-05-21 13:07:00,3.17,3.17,3.17,3.17,900
2024-05-21 13:08:00,3.17,3.17,3.17,3.17,200
2024-05-21 13:10:00,3.17,3.17,3.17,3.17,3600
2024-05-21 13:11:00,3.18,3.18,3.17,3.17,14500
2024-05-21 13:12:00,3.17,3.17,3.16,3.17,50200
2024-05-21 13:13:00,3.16,3.17,3.16,3.17,35600
2024-05-21 13:14:00,3.16,3.17,3.16,3.17,39900
2024-05-21 13:15:00,3.17,3.17,3.16,3.17,18200
2024-05-21 13:16:00,3.16,3.17,3.16,3.17,2000
2024-05-21 13:17:00,3.16,3.17,3.16,3.17,28600
2024-05-21 13:19:00,3.17,3.17,3.17,3.17,2600
2024-05-21 13:20:00,3.17,3.17,3.16,3.17,19800
2024-05-21 13:21:00,3.16,3.17,3.16,3.17,30200
2024-05-21 13:22:00,3.16,3.17,3.16,3.17,1900
2024-05-21 13:24:00,3.17,3.17,3.16,3.17,5000
2024-05-21 13:25:00,3.17,3.17,3.17,3.17,4100
2024-05-21 13:26:00,3.16,3.17,3.16,3.16,16500
2024-05-21 13:27:00,3.16,3.17,3.16,3.17,5300
2024-05-21 13:28:00,3.16,3.17,3.16,3.17,20800
2024-05-21 13:29:00,3.16,3.16,3.16,3.16,600
2024-05-21 13:30:00,3.17,3.17,3.16,3.16,15100
2024-05-21 13:31:00,3.17,3.17,3.16,3.17,6400
2024-05-21 13:32:00,3.17,3.17,3.16,3.16,11100
2024-05-21 13:33:00,3.16,3.17,3.16,3.16,73500
2024-05-21 13:34:00,3.16,3.17,3.16,3.17,12000
2024-05-21 13:35:00,3.17,3.17,3.16,3.16,1200
2024-05-21 13:36:00,3.16,3.17,3.16,3.16,5100
2024-05-21 13:37:00,3.16,3.17,3.16,3.16,12200
2024-05-21 13:39:00,3.17,3.17,3.17,3.17,2700
2024-05-21 13:40:00,3.16,3.17,3.16,3.17,2600
2024-05-21 13:42:00,3.17,3.17,3.16,3.17,4200
2024-05-21 13:43:00,3.16,3.17,3.16,3.16,3800
2024-05-21 13:44:00,3.17,3.17,3.16,3.17,11700
2024-05-21 13:45:00,3.16,3.17,3.16,3.17,16400
2024-05-21 13:46:00,3.16,3.17,3.16,3.16,13900
2024-05-21 13:47:00,3.16,3.17,3.15,3.15,372100
2024-05-21 13:48:00,3.15,3.16,3.15,3.15,15600
2024-05-21 13:49:00,3.15,3.16,3.15,3.15,19500
2024-05-21 13:50:00,3.15,3.15,3.15,3.15,11700
2024-05-21 13:51:00,3.15,3.16,3.15,3.15,46800
2024-05-21 13:52:00,3.15,3.16,3.15,3.15,32900
2024-05-21 13:53:00,3.15,3.16,3.14,3.15,148200
2024-05-21 13:54:00,3.15,3.15,3.15,3.15,9400
2024-05-21 13:55:00,3.15,3.15,3.15,3.15,2400
2024-05-21 13:56:00,3.15,3.16,3.15,3.16,101600
2024-05-21 13:57:00,3.15,3.16,3.15,3.15,219000
2024-05-21 13:58:00,3.15,3.16,3.15,3.16,119100
2024-05-21 13:59:00,3.15,3.15,3.14,3.15,214200
2024-05-21 14:00:00,3.15,3.15,3.14,3.14,19000
2024-05-21 14:01:00,3.14,3.15,3.14,3.15,164400
2024-05-21 14:02:00,3.15,3.16,3.15,3.16,15000
2024-05-21 14:03:00,3.16,3.16,3.15,3.15,7000
2024-05-21 14:04:00,3.16,3.16,3.16,3.16,100
2024-05-21 14:05:00,3.16,3.16,3.15,3.15,20600
2024-05-21 14:06:00,3.15,3.15,3.15,3.15,12000
2024-05-21 14:07:00,3.15,3.16,3.15,3.16,10800
2024-05-21 14:08:00,3.15,3.15,3.15,3.15,400
2024-05-21 14:10:00,3.15,3.15,3.15,3.15,900
2024-05-21 14:11:00,3.15,3.15,3.15,3.15,2200
2024-05-21 14:12:00,3.15,3.15,3.15,3.15,600
2024-05-21 14:13:00,3.15,3.15,3.15,3.15,7700
2024-05-21 14:14:00,3.15,3.15,3.15,3.15,2400
2024-05-21 14:15:00,3.16,3.16,3.16,3.16,3000
2024-05-21 14:16:00,3.15,3.15,3.15,3.15,100
2024-05-21 14:17:00,3.16,3.16,3.16,3.16,2500
2024-05-21 14:19:00,3.15,3.15,3.14,3.14,41800
2024-05-21 14:20:00,3.14,3.15,3.14,3.14,1900
2024-05-21 14:22:00,3.15,3.15,3.14,3.14,15000
2024-05-21 14:23:00,3.14,3.14,3.14,3.14,20800
2024-05-21 14:24:00,3.14,3.14,3.14,3.14,16900
2024-05-21 14:25:00,3.15,3.15,3.14,3.14,5100
2024-05-21 14:26:00,3.15,3.15,3.15,3.15,1600
2024-05-21 14:27:00,3.15,3.15,3.15,3.15,66700
2024-05-21 14:28:00,3.15,3.15,3.15,3.15,4200
2024-05-21 14:29:00,3.16,3.16,3.15,3.15,22000
2024-05-21 14:30:00,3.15,3.15,3.14,3.15,25700
2024-05-21 14:31:00,3.15,3.15,3.15,3.15,5300
2024-05-21 14:32:00,3.15,3.15,3.14,3.15,3100
2024-05-21 14:33:00,3.15,3.15,3.14,3.15,32800
2024-05-21 14:34:00,3.15,3.15,3.14,3.14,95500
2024-05-21 14:35:00,3.15,3.15,3.15,3.15,200
2024-05-21 14:36:00,3.15,3.15,3.15,3.15,3300
2024-05-21 14:37:00,3.15,3.15,3.14,3.15,15200
2024-05-21 14:38:00,3.15,3.15,3.15,3.15,4400
2024-05-21 14:39:00,3.15,3.15,3.15,3.15,8000
2024-05-21 14:40:00,3.15,3.15,3.14,3.15,29900
2024-05-21 14:41:00,3.16,3.16,3.15,3.15,103500
2024-05-21 14:42:00,3.15,3.15,3.15,3.15,4500
2024-05-21 14:43:00,3.14,3.16,3.14,3.16,39900
2024-05-21 14:44:00,3.15,3.15,3.15,3.15,3200
2024-05-21 14:45:00,3.15,3.15,3.15,3.15,15600
2024-05-21 14:46:00,3.15,3.16,3.15,3.16,26200
2024-05-21 14:47:00,3.16,3.16,3.15,3.15,5057
2024-05-21 14:48:00,3.15,3.15,3.15,3.15,400
2024-05-21 14:49:00,3.15,3.15,3.15,3.15,94343
2024-05-21 14:50:00,3.14,3.15,3.14,3.15,4300
2024-05-21 14:51:00,3.15,3.15,3.14,3.14,7500
2024-05-21 14:52:00,3.15,3.16,3.14,3.15,70657
2024-05-21 14:53:00,3.15,3.16,3.15,3.15,1400
2024-05-21 14:54:00,3.15,3.15,3.15,3.15,200
2024-05-21 14:55:00,3.15,3.16,3.15,3.15,14600
2024-05-21 14:56:00,3.16,3.16,3.15,3.15,1100
2024-05-21 14:57:00,3.15,3.15,3.15,3.15,35000
2024-05-21 15:00:00,3.16,3.16,3.16,3.16,40300
2024-05-22 09:31:00,3.16,3.17,3.14,3.15,82800
2024-05-22 09:32:00,3.15,3.15,3.15,3.15,31800
2024-05-22 09:33:00,3.15,3.16,3.15,3.16,10700
2024-05-22 09:34:00,3.16,3.17,3.15,3.17,154600
2024-05-22 09:35:00,3.17,3.17,3.16,3.16,21300
2024-05-22 09:36:00,3.17,3.18,3.17,3.17,107500
2024-05-22 09:37:00,3.17,3.17,3.17,3.17,10700
2024-05-22 09:38:00,3.17,3.18,3.17,3.18,158600
2024-05-22 09:39:00,3.18,3.18,3.17,3.18,53700
2024-05-22 09:40:00,3.18,3.18,3.17,3.17,7700
2024-05-22 09:41:00,3.18,3.18,3.18,3.18,300
2024-05-22 09:42:00,3.17,3.18,3.17,3.18,3600
2024-05-22 09:43:00,3.17,3.19,3.17,3.19,124900
2024-05-22 09:44:00,3.19,3.19,3.18,3.18,41900
2024-05-22 09:45:00,3.19,3.19,3.18,3.19,27200
2024-05-22 09:46:00,3.19,3.21,3.19,3.21,278700
2024-05-22 09:47:00,3.21,3.21,3.2,3.2,187700
2024-05-22 09:48:00,3.2,3.2,3.19,3.2,55400
2024-05-22 09:49:00,3.2,3.2,3.19,3.19,65300
2024-05-22 09:50:00,3.2,3.2,3.2,3.2,22700
2024-05-22 09:51:00,3.2,3.21,3.2,3.21,31200
2024-05-22 09:52:00,3.21,3.21,3.2,3.2,400
2024-05-22 09:53:00,3.21,3.21,3.21,3.21,2600
2024-05-22 09:54:00,3.21,3.21,3.21,3.21,2600
2024-05-22 09:55:00,3.21,3.21,3.2,3.21,16700
2024-05-22 09:56:00,3.21,3.21,3.2,3.2,15700
2024-05-22 09:57:00,3.2,3.2,3.19,3.2,147900
2024-05-22 09:58:00,3.2,3.2,3.2,3.2,26200
2024-05-22 09:59:00,3.19,3.2,3.19,3.19,13700
2024-05-22 10:00:00,3.2,3.2,3.19,3.19,1700
2024-05-22 10:01:00,3.19,3.2,3.19,3.2,3800
2024-05-22 10:02:00,3.19,3.19,3.19,3.19,5400
2024-05-22 10:03:00,3.19,3.2,3.19,3.19,4400
2024-05-22 10:04:00,3.19,3.19,3.19,3.19,73700
2024-05-22 10:05:00,3.19,3.19,3.19,3.19,500
2024-05-22 10:06:00,3.18,3.19,3.18,3.19,1500
2024-05-22 10:07:00,3.18,3.19,3.18,3.18,6300
2024-05-22 10:08:00,3.18,3.18,3.17,3.18,112400
2024-05-22 10:09:00,3.17,3.17,3.17,3.17,5400
2024-05-22 10:10:00,3.18,3.19,3.18,3.18,40700
2024-05-22 10:11:00,3.18,3.18,3.18,3.18,20300
2024-05-22 10:12:00,3.18,3.18,3.18,3.18,5300
2024-05-22 10:13:00,3.18,3.18,3.17,3.18,42900
2024-05-22 10:14:00,3.18,3.18,3.17,3.17,14100
2024-05-22 10:15:00,3.18,3.19,3.17,3.19,15400
2024-05-22 10:16:00,3.18,3.19,3.18,3.19,4100
2024-05-22 10:17:00,3.18,3.18,3.18,3.18,300
2024-05-22 10:18:00,3.18,3.19,3.18,3.18,82200
2024-05-22 10:19:00,3.18,3.19,3.17,3.18,51900
2024-05-22 10:20:00,3.17,3.18,3.17,3.18,2900
2024-05-22 10:21:00,3.19,3.19,3.17,3.17,400
2024-05-22 10:22:00,3.17,3.18,3.17,3.17,3500
2024-05-22 10:23:00,3.17,3.18,3.17,3.18,3000
2024-05-22 10:24:00,3.18,3.18,3.17,3.18,71800
2024-05-22 10:25:00,3.17,3.18,3.17,3.18,5300
2024-05-22 10:26:00,3.18,3.18,3.18,3.18,19100
2024-05-22 10:27:00,3.18,3.18,3.18,3.18,15400
2024-05-22 10:28:00,3.18,3.19,3.18,3.19,3500
2024-05-22 10:29:00,3.18,3.18,3.17,3.18,30900
2024-05-22 10:30:00,3.18,3.18,3.17,3.18,1900
2024-05-22 10:31:00,3.18,3.18,3.17,3.18,4300
2024-05-22 10:32:00,3.18,3.18,3.17,3.18,24200
2024-05-22 10:33:00,3.18,3.18,3.18,3.18,13900
2024-05-22 10:34:00,3.18,3.18,3.18,3.18,7700
2024-05-22 10:35:00,3.19,3.19,3.19,3.19,300
2024-05-22 10:36:00,3.18,3.18,3.18,3.18,59600
2024-05-22 10:37:00,3.19,3.19,3.19,3.19,500
2024-05-22 10:39:00,3.18,3.19,3.18,3.19,1100
2024-05-22 10:41:00,3.18,3.19,3.18,3.19,5100
2024-05-22 10:42:00,3.18,3.18,3.18,3.18,3000
2024-05-22 10:43:00,3.18,3.18,3.18,3.18,4600
2024-05-22 10:45:00,3.18,3.18,3.18,3.18,25900
2024-05-22 10:46:00,3.18,3.19,3.18,3.18,62000
2024-05-22 10:47:00,3.18,3.18,3.18,3.18,6300
2024-05-22 10:48:00,3.18,3.18,3.17,3.17,19400
2024-05-22 10:49:00,3.18,3.18,3.17,3.17,10800
2024-05-22 10:50:00,3.18,3.18,3.17,3.17,1000
2024-05-22 10:51:00,3.18,3.18,3.18,3.18,700
2024-05-22 10:52:00,3.18,3.18,3.18,3.18,400
2024-05-22 10:53:00,3.18,3.19,3.18,3.19,85300
2024-05-22 10:54:00,3.18,3.18,3.17,3.17,49900
2024-05-22 10:55:00,3.17,3.18,3.17,3.18,3400
2024-05-22 10:56:00,3.17,3.17,3.17,3.17,1000
2024-05-22 10:58:00,3.17,3.18,3.17,3.18,9500
2024-05-22 11:00:00,3.18,3.18,3.17,3.18,21100
2024-05-22 11:01:00,3.18,3.18,3.17,3.18,3600
2024-05-22 11:03:00,3.18,3.18,3.18,3.18,300
2024-05-22 11:04:00,3.17,3.18,3.17,3.18,900
2024-05-22 11:05:00,3.18,3.18,3.17,3.17,1700
2024-05-22 11:06:00,3.18,3.18,3.18,3.18,2500
2024-05-22 11:07:00,3.18,3.18,3.18,3.18,4500
2024-05-22 11:08:00,3.18,3.18,3.17,3.18,4800
2024-05-22 11:09:00,3.17,3.17,3.17,3.17,200
2024-05-22 11:10:00,3.18,3.18,3.18,3.18,100
2024-05-22 11:11:00,3.18,3.18,3.18,3.18,100
2024-05-22 11:12:00,3.18,3.18,3.18,3.18,500
2024-05-22 11:13:00,3.18,3.18,3.17,3.17,300
2024-05-22 11:14:00,3.17,3.17,3.17,3.17,2000
2024-05-22 11:15:00,3.17,3.17,3.17,3.17,500
2024-05-22 11:16:00,3.17,3.17,3.17,3.17,56500
2024-05-22 11:17:00,3.17,3.17,3.17,3.17,3900
2024-05-22 11:18:00,3.17,3.17,3.17,3.17,200
2024-05-22 11:19:00,3.17,3.18,3.17,3.18,8400
2024-05-22 11:20:00,3.17,3.18,3.17,3.18,1000
2024-05-22 11:22:00,3.18,3.18,3.18,3.18,300
2024-05-22 11:23:00,3.18,3.18,3.18,3.18,31000
2024-05-22 11:24:00,3.18,3.18,3.18,3.18,1400
2024-05-22 11:25:00,3.17,3.17,3.17,3.17,2600
2024-05-22 11:26:00,3.18,3.18,3.17,3.17,3300
2024-05-22 11:27:00,3.18,3.18,3.18,3.18,300
2024-05-22 11:28:00,3.18,3.18,3.17,3.18,18800
2024-05-22 11:29:00,3.18,3.18,3.17,3.17,1700
2024-05-22 11:30:00,3.17,3.18,3.17,3.18,1100
2024-05-22 13:01:00,3.17,3.18,3.17,3.18,8700
2024-05-22 13:04:00,3.17,3.17,3.17,3.17,1700
2024-05-22 13:05:00,3.17,3.17,3.17,3.17,1900
2024-05-22 13:06:00,3.18,3.18,3.17,3.17,12000
2024-05-22 13:07:00,3.18,3.18,3.18,3.18,2600
2024-05-22 13:08:00,3.18,3.18,3.17,3.18,2300
2024-05-22 13:09:00,3.18,3.18,3.17,3.18,63800
2024-05-22 13:10:00,3.17,3.18,3.17,3.18,1200
2024-05-22 13:11:00,3.18,3.18,3.17,3.17,200
2024-05-22 13:12:00,3.18,3.18,3.18,3.18,900
2024-05-22 13:13:00,3.18,3.19,3.18,3.18,93600
2024-05-22 13:14:00,3.19,3.19,3.19,3.19,5400
2024-05-22 13:15:00,3.19,3.19,3.19,3.19,2700
2024-05-22 13:16:00,3.18,3.18,3.18,3.18,500
2024-05-22 13:18:00,3.19,3.19,3.19,3.19,500
2024-05-22 13:19:00,3.19,3.19,3.19,3.19,100
2024-05-22 13:20:00,3.18,3.18,3.18,3.18,2800
2024-05-22 13:21:00,3.18,3.18,3.18,3.18,5300
2024-05-22 13:22:00,3.18,3.19,3.18,3.19,8900
2024-05-22 13:23:00,3.18,3.18,3.18,3.18,300
2024-05-22 13:24:00,3.19,3.19,3.19,3.19,3200
2024-05-22 13:25:00,3.19,3.19,3.18,3.19,4800
2024-05-22 13:26:00,3.19,3.19,3.18,3.18,77900
2024-05-22 13:27:00,3.18,3.19,3.18,3.19,80000
2024-05-22 13:28:00,3.19,3.19,3.19,3.19,51700
2024-05-22 13:29:00,3.19,3.19,3.18,3.19,57500
2024-05-22 13:30:00,3.18,3.19,3.18,3.19,26500
2024-05-22 13:34:00,3.18,3.18,3.18,3.18,4200
2024-05-22 13:35:00,3.18,3.19,3.18,3.19,34400
2024-05-22 13:36:00,3.18,3.18,3.18,3.18,500
2024-05-22 13:37:00,3.18,3.19,3.18,3.19,16500
2024-05-22 13:39:00,3.18,3.19,3.18,3.18,12600
2024-05-22 13:40:00,3.18,3.19,3.18,3.19,3000
2024-05-22 13:41:00,3.18,3.19,3.18,3.19,4800
2024-05-22 13:42:00,3.19,3.19,3.19,3.19,2200
2024-05-22 13:43:00,3.19,3.2,3.19,3.19,245300
2024-05-22 13:44:00,3.19,3.19,3.19,3.19,2000
2024-05-22 13:45:00,3.19,3.19,3.19,3.19,98400
2024-05-22 13:46:00,3.2,3.2,3.2,3.2,12900
2024-05-22 13:47:00,3.19,3.2,3.19,3.19,32000
2024-05-22 13:48:00,3.2,3.2,3.2,3.2,20000
2024-05-22 13:49:00,3.19,3.2,3.19,3.2,17000
2024-05-22 13:50:00,3.19,3.2,3.19,3.2,6400
2024-05-22 13:51:00,3.19,3.2,3.19,3.2,16500
2024-05-22 13:52:00,3.19,3.19,3.18,3.18,65500
2024-05-22 13:53:00,3.19,3.19,3.19,3.19,9300
2024-05-22 13:55:00,3.18,3.19,3.18,3.19,6100
2024-05-22 13:56:00,3.19,3.19,3.18,3.19,5100
2024-05-22 13:57:00,3.19,3.19,3.19,3.19,100
2024-05-22 13:58:00,3.19,3.19,3.19,3.19,4600
2024-05-22 13:59:00,3.19,3.19,3.18,3.18,10800
2024-05-22 14:00:00,3.18,3.19,3.18,3.19,3500
2024-05-22 14:01:00,3.18,3.18,3.18,3.18,6100
2024-05-22 14:02:00,3.19,3.19,3.19,3.19,200
2024-05-22 14:03:00,3.19,3.19,3.19,3.19,10800
2024-05-22 14:04:00,3.19,3.19,3.18,3.18,7700
2024-05-22 14:05:00,3.19,3.19,3.18,3.19,3800
2024-05-22 14:06:00,3.19,3.19,3.19,3.19,1000
2024-05-22 14:07:00,3.18,3.18,3.18,3.18,6000
2024-05-22 14:09:00,3.18,3.19,3.18,3.19,144000
2024-05-22 14:10:00,3.19,3.2,3.19,3.2,26000
2024-05-22 14:11:00,3.2,3.2,3.2,3.2,4600
2024-05-22 14:12:00,3.19,3.2,3.19,3.2,11300
2024-05-22 14:13:00,3.19,3.19,3.19,3.19,44500
2024-05-22 14:14:00,3.19,3.2,3.19,3.19,62900
2024-05-22 14:15:00,3.2,3.2,3.19,3.19,8300
2024-05-22 14:16:00,3.19,3.19,3.19,3.19,9400
2024-05-22 14:17:00,3.19,3.19,3.19,3.19,400
2024-05-22 14:19:00,3.19,3.2,3.19,3.2,1600
2024-05-22 14:20:00,3.19,3.19,3.19,3.19,2900
2024-05-22 14:21:00,3.19,3.2,3.19,3.2,14500
2024-05-22 14:22:00,3.19,3.19,3.19,3.19,5700
2024-05-22 14:23:00,3.19,3.19,3.19,3.19,100
2024-05-22 14:24:00,3.2,3.2,3.2,3.2,4100
2024-05-22 14:25:00,3.19,3.19,3.19,3.19,88400
2024-05-22 14:26:00,3.19,3.19,3.19,3.19,5800
2024-05-22 14:27:00,3.19,3.19,3.18,3.18,1400
2024-05-22 14:28:00,3.19,3.19,3.18,3.19,2000
2024-05-22 14:29:00,3.19,3.19,3.19,3.19,2200
2024-05-22 14:30:00,3.18,3.19,3.18,3.19,5200
2024-05-22 14:31:00,3.19,3.19,3.18,3.18,800
2024-05-22 14:32:00,3.19,3.19,3.18,3.18,7100
2024-05-22 14:33:00,3.19,3.19,3.18,3.19,17900
2024-05-22 14:34:00,3.18,3.18,3.18,3.18,7300
2024-05-22 14:35:00,3.18,3.19,3.18,3.19,5300
2024-05-22 14:36:00,3.18,3.18,3.18,3.18,5000
2024-05-22 14:37:00,3.18,3.19,3.18,3.18,28700
2024-05-22 14:38:00,3.18,3.19,3.17,3.18,51100
2024-05-22 14:39:00,3.18,3.18,3.17,3.17,5500
2024-05-22 14:40:00,3.18,3.18,3.17,3.18,29100
2024-05-22 14:41:00,3.18,3.19,3.18,3.19,163700
2024-05-22 14:42:00,3.19,3.19,3.19,3.19,12400
2024-05-22 14:43:00,3.19,3.19,3.18,3.19,36400
2024-05-22 14:44:00,3.19,3.19,3.18,3.19,3000
2024-05-22 14:45:00,3.18,3.19,3.18,3.19,83500
2024-05-22 14:46:00,3.19,3.19,3.18,3.18,39257
2024-05-22 14:47:00,3.19,3.19,3.19,3.19,100
2024-05-22 14:49:00,3.19,3.19,3.18,3.18,6300
2024-05-22 14:50:00,3.18,3.19,3.18,3.19,7900
2024-05-22 14:51:00,3.19,3.19,3.19,3.19,1600
2024-05-22 14:52:00,3.19,3.19,3.18,3.18,42200
2024-05-22 14:53:00,3.19,3.19,3.18,3.18,15400
2024-05-22 14:54:00,3.19,3.2,3.18,3.2,106300
2024-05-22 14:55:00,3.19,3.2,3.19,3.2,62700
2024-05-22 14:56:00,3.2,3.2,3.19,3.19,17700
2024-05-22 14:57:00,3.19,3.2,3.19,3.19,15200
2024-05-22 15:00:00,3.19,3.19,3.19,3.19,71900
2024-05-23 09:31:00,3.18,3.18,3.16,3.16,50500
2024-05-23 09:32:00,3.16,3.17,3.15,3.17,74800
2024-05-23 09:33:00,3.17,3.18,3.17,3.18,29300
2024-05-23 09:34:00,3.17,3.18,3.16,3.17,44300
2024-05-23 09:35:00,3.17,3.18,3.17,3.18,12600
2024-05-23 09:36:00,3.17,3.18,3.17,3.17,22400
2024-05-23 09:37:00,3.18,3.19,3.17,3.19,22700
2024-05-23 09:38:00,3.19,3.2,3.18,3.18,38200
2024-05-23 09:39:00,3.18,3.19,3.18,3.18,12500
2024-05-23 09:40:00,3.18,3.19,3.18,3.19,18600
2024-05-23 09:41:00,3.18,3.19,3.17,3.18,46300
2024-05-23 09:42:00,3.18,3.18,3.18,3.18,600
2024-05-23 09:43:00,3.18,3.18,3.16,3.17,112600
2024-05-23 09:44:00,3.17,3.17,3.16,3.17,23100
2024-05-23 09:45:00,3.17,3.17,3.17,3.17,2500
2024-05-23 09:46:00,3.16,3.17,3.16,3.16,36600
2024-05-23 09:47:00,3.17,3.17,3.15,3.16,77300
2024-05-23 09:48:00,3.16,3.17,3.16,3.16,23300
2024-05-23 09:50:00,3.17,3.18,3.17,3.17,36500
2024-05-23 09:51:00,3.17,3.17,3.16,3.16,25400
2024-05-23 09:52:00,3.16,3.17,3.16,3.16,42300
2024-05-23 09:53:00,3.16,3.17,3.15,3.16,31700
2024-05-23 09:54:00,3.16,3.16,3.16,3.16,6200
2024-05-23 09:55:00,3.16,3.17,3.16,3.17,12000
2024-05-23 09:56:00,3.17,3.17,3.16,3.16,2500
2024-05-23 09:57:00,3.16,3.17,3.16,3.16,10400
2024-05-23 09:58:00,3.16,3.17,3.16,3.16,1700
2024-05-23 09:59:00,3.16,3.17,3.16,3.17,9900
2024-05-23 10:00:00,3.17,3.17,3.16,3.17,9000
2024-05-23 10:01:00,3.16,3.16,3.15,3.16,37800
2024-05-23 10:02:00,3.16,3.16,3.15,3.16,1300
2024-05-23 10:03:00,3.15,3.16,3.15,3.16,1200
2024-05-23 10:04:00,3.15,3.16,3.15,3.15,209300
2024-05-23 10:05:00,3.15,3.15,3.14,3.15,42900
2024-05-23 10:06:00,3.15,3.15,3.14,3.14,158900
2024-05-23 10:07:00,3.14,3.15,3.14,3.14,13000
2024-05-23 10:08:00,3.14,3.15,3.14,3.15,155600
2024-05-23 10:09:00,3.15,3.15,3.14,3.15,35500
2024-05-23 10:10:00,3.15,3.15,3.14,3.15,28200
2024-05-23 10:11:00,3.15,3.15,3.14,3.14,11200
2024-05-23 10:12:00,3.14,3.14,3.14,3.14,2900
2024-05-23 10:13:00,3.14,3.14,3.14,3.14,4100
2024-05-23 10:14:00,3.14,3.14,3.14,3.14,23100
2024-05-23 10:15:00,3.14,3.14,3.14,3.14,500
2024-05-23 10:16:00,3.14,3.15,3.14,3.15,2400
2024-05-23 10:17:00,3.14,3.15,3.14,3.14,38100
2024-05-23 10:18:00,3.15,3.15,3.14,3.14,7300
2024-05-23 10:19:00,3.14,3.15,3.14,3.14,82400
2024-05-23 10:20:00,3.14,3.15,3.14,3.14,11900
2024-05-23 10:21:00,3.14,3.14,3.13,3.14,59900
2024-05-23 10:22:00,3.14,3.14,3.13,3.14,25900
2024-05-23 10:23:00,3.14,3.14,3.13,3.14,21600
2024-05-23 10:24:00,3.15,3.15,3.14,3.14,12400
2024-05-23 10:25:00,3.14,3.14,3.14,3.14,21700
2024-05-23 10:26:00,3.14,3.15,3.14,3.15,900
2024-05-23 10:27:00,3.15,3.15,3.14,3.14,8700
2024-05-23 10:28:00,3.14,3.14,3.14,3.14,400
2024-05-23 10:29:00,3.14,3.15,3.14,3.14,1900
2024-05-23 10:30:00,3.14,3.15,3.14,3.14,8000
2024-05-23 10:31:00,3.14,3.14,3.14,3.14,5200
2024-05-23 10:32:00,3.14,3.14,3.14,3.14,200
2024-05-23 10:33:00,3.14,3.14,3.14,3.14,100
2024-05-23 10:34:00,3.14,3.15,3.14,3.15,3200
2024-05-23 10:35:00,3.14,3.15,3.14,3.15,400
2024-05-23 10:36:00,3.15,3.15,3.15,3.15,4500
2024-05-23 10:37:00,3.14,3.14,3.14,3.14,2300
2024-05-23 10:38:00,3.14,3.14,3.14,3.14,1600
2024-05-23 10:39:00,3.14,3.14,3.14,3.14,3300
2024-05-23 10:40:00,3.14,3.15,3.14,3.14,5600
2024-05-23 10:42:00,3.15,3.15,3.14,3.14,7700
2024-05-23 10:43:00,3.14,3.14,3.14,3.14,55900
2024-05-23 10:44:00,3.15,3.15,3.15,3.15,10100
2024-05-23 10:45:00,3.15,3.15,3.15,3.15,2300
2024-05-23 10:49:00,3.15,3.15,3.14,3.14,6900
2024-05-23 10:50:00,3.14,3.14,3.14,3.14,4000
2024-05-23 10:51:00,3.14,3.15,3.14,3.15,8500
2024-05-23 10:52:00,3.15,3.15,3.14,3.14,13600
2024-05-23 10:53:00,3.14,3.14,3.14,3.14,300
2024-05-23 10:54:00,3.14,3.14,3.14,3.14,1200
2024-05-23 10:55:00,3.14,3.14,3.13,3.14,70800
2024-05-23 10:56:00,3.14,3.14,3.14,3.14,4000
2024-05-23 10:57:00,3.14,3.14,3.14,3.14,5200
2024-05-23 10:58:00,3.14,3.14,3.14,3.14,63100
2024-05-23 10:59:00,3.14,3.14,3.14,3.14,13400
2024-05-23 11:00:00,3.14,3.14,3.14,3.14,100
2024-05-23 11:01:00,3.14,3.14,3.14,3.14,36100
2024-05-23 11:02:00,3.14,3.14,3.13,3.14,14000
2024-05-23 11:03:00,3.14,3.14,3.14,3.14,4900
2024-05-23 11:04:00,3.13,3.14,3.13,3.14,15500
2024-05-23 11:07:00,3.14,3.14,3.14,3.14,30200
2024-05-23 11:08:00,3.14,3.14,3.13,3.13,5400
2024-05-23 11:09:00,3.13,3.14,3.13,3.13,3900
2024-05-23 11:10:00,3.13,3.14,3.13,3.14,12000
2024-05-23 11:11:00,3.14,3.14,3.14,3.14,300
2024-05-23 11:12:00,3.14,3.14,3.14,3.14,5900
2024-05-23 11:13:00,3.14,3.14,3.14,3.14,4600
2024-05-23 11:14:00,3.14,3.14,3.14,3.14,100
2024-05-23 11:16:00,3.14,3.14,3.14,3.14,400
2024-05-23 11:17:00,3.13,3.13,3.13,3.13,200
2024-05-23 11:20:00,3.14,3.14,3.13,3.13,1600
2024-05-23 11:21:00,3.14,3.14,3.13,3.14,2100
2024-05-23 11:22:00,3.14,3.14,3.14,3.14,1000
2024-05-23 11:23:00,3.14,3.14,3.14,3.14,1700
2024-05-23 11:24:00,3.13,3.14,3.13,3.14,2800
2024-05-23 11:25:00,3.13,3.13,3.13,3.13,26400
2024-05-23 11:26:00,3.13,3.14,3.13,3.13,38800
2024-05-23 11:27:00,3.13,3.14,3.13,3.14,900
2024-05-23 11:28:00,3.13,3.13,3.13,3.13,103100
2024-05-23 11:29:00,3.13,3.13,3.12,3.12,238200
2024-05-23 11:30:00,3.12,3.12,3.12,3.12,52000
2024-05-23 13:01:00,3.12,3.13,3.12,3.12,28800
2024-05-23 13:02:00,3.12,3.12,3.12,3.12,37300
2024-05-23 13:03:00,3.13,3.13,3.12,3.12,200
2024-05-23 13:04:00,3.12,3.12,3.12,3.12,1500
2024-05-23 13:05:00,3.12,3.12,3.12,3.12,200
2024-05-23 13:07:00,3.12,3.12,3.12,3.12,1900
2024-05-23 13:08:00,3.12,3.12,3.12,3.12,3600
2024-05-23 13:09:00,3.12,3.12,3.12,3.12,2700
2024-05-23 13:10:00,3.12,3.12,3.12,3.12,72500
2024-05-23 13:11:00,3.12,3.12,3.11,3.12,18500
2024-05-23 13:12:00,3.12,3.12,3.12,3.12,4400
2024-05-23 13:13:00,3.12,3.12,3.12,3.12,11700
2024-05-23 13:14:00,3.11,3.12,3.11,3.11,7500
2024-05-23 13:15:00,3.12,3.12,3.11,3.11,15000
2024-05-23 13:16:00,3.11,3.11,3.11,3.11,600
2024-05-23 13:17:00,3.11,3.12,3.11,3.12,500
2024-05-23 13:18:00,3.12,3.12,3.12,3.12,100
2024-05-23 13:19:00,3.11,3.11,3.11,3.11,900
2024-05-23 13:20:00,3.11,3.11,3.11,3.11,300
2024-05-23 13:21:00,3.11,3.12,3.11,3.11,17500
2024-05-23 13:22:00,3.11,3.11,3.11,3.11,7400
2024-05-23 13:23:00,3.11,3.11,3.1,3.11,16100
2024-05-23 13:24:00,3.11,3.11,3.11,3.11,1300
2024-05-23 13:25:00,3.12,3.12,3.11,3.11,700
2024-05-23 13:26:00,3.12,3.12,3.12,3.12,10600
2024-05-23 13:27:00,3.11,3.11,3.11,3.11,100
2024-05-23 13:28:00,3.11,3.12,3.11,3.11,1600
2024-05-23 13:29:00,3.11,3.11,3.11,3.11,4300
2024-05-23 13:30:00,3.11,3.11,3.11,3.11,1100
2024-05-23 13:31:00,3.11,3.12,3.11,3.11,26700
2024-05-23 13:32:00,3.11,3.11,3.11,3.11,4600
2024-05-23 13:33:00,3.11,3.11,3.11,3.11,1500
2024-05-23 13:34:00,3.11,3.11,3.11,3.11,1700
2024-05-23 13:35:00,3.12,3.12,3.11,3.12,11000
2024-05-23 13:37:00,3.11,3.12,3.11,3.11,6300
2024-05-23 13:38:00,3.11,3.11,3.11,3.11,18100
2024-05-23 13:39:00,3.11,3.11,3.11,3.11,6500
2024-05-23 13:40:00,3.11,3.11,3.11,3.11,7900
2024-05-23 13:41:00,3.11,3.12,3.11,3.11,12900
2024-05-23 13:42:00,3.11,3.11,3.11,3.11,1800
2024-05-23 13:43:00,3.11,3.11,3.11,3.11,13900
2024-05-23 13:44:00,3.11,3.11,3.1,3.11,140600
2024-05-23 13:45:00,3.11,3.11,3.1,3.1,24500
2024-05-23 13:46:00,3.1,3.1,3.1,3.1,22700
2024-05-23 13:47:00,3.1,3.11,3.1,3.11,1600
2024-05-23 13:48:00,3.11,3.11,3.11,3.11,1000
2024-05-23 13:49:00,3.1,3.1,3.1,3.1,15000
2024-05-23 13:50:00,3.1,3.11,3.1,3.11,5300
2024-05-23 13:51:00,3.1,3.11,3.1,3.1,177600
2024-05-23 13:52:00,3.11,3.11,3.11,3.11,1900
2024-05-23 13:53:00,3.1,3.1,3.1,3.1,1100
2024-05-23 13:54:00,3.1,3.11,3.1,3.1,39200
2024-05-23 13:55:00,3.1,3.1,3.1,3.1,16700
2024-05-23 13:56:00,3.1,3.1,3.1,3.1,7500
2024-05-23 13:57:00,3.1,3.1,3.1,3.1,8800
2024-05-23 13:58:00,3.1,3.1,3.1,3.1,2800
2024-05-23 13:59:00,3.1,3.1,3.1,3.1,5700
2024-05-23 14:00:00,3.1,3.1,3.1,3.1,700
2024-05-23 14:01:00,3.1,3.11,3.1,3.11,22000
2024-05-23 14:02:00,3.11,3.11,3.11,3.11,25100
2024-05-23 14:03:00,3.11,3.11,3.1,3.11,77600
2024-05-23 14:04:00,3.11,3.11,3.1,3.11,14700
2024-05-23 14:06:00,3.11,3.11,3.11,3.11,3800
2024-05-23 14:07:00,3.11,3.11,3.11,3.11,1900
2024-05-23 14:08:00,3.11,3.11,3.11,3.11,400
2024-05-23 14:09:00,3.1,3.1,3.1,3.1,2500
2024-05-23 14:10:00,3.1,3.1,3.1,3.1,8900
2024-05-23 14:11:00,3.11,3.11,3.1,3.1,800
2024-05-23 14:12:00,3.11,3.11,3.11,3.11,155900
2024-05-23 14:13:00,3.11,3.11,3.11,3.11,1800
2024-05-23 14:15:00,3.11,3.12,3.11,3.11,12600
2024-05-23 14:18:00,3.11,3.11,3.11,3.11,900
2024-05-23 14:19:00,3.11,3.12,3.11,3.12,3900
2024-05-23 14:20:00,3.11,3.11,3.11,3.11,3600
2024-05-23 14:21:00,3.11,3.12,3.11,3.12,18500
2024-05-23 14:22:00,3.12,3.13,3.12,3.13,46300
2024-05-23 14:23:00,3.13,3.13,3.13,3.13,5000
2024-05-23 14:25:00,3.13,3.13,3.12,3.12,700
2024-05-23 14:27:00,3.12,3.12,3.12,3.12,700
2024-05-23 14:28:00,3.12,3.12,3.12,3.12,4900
2024-05-23 14:29:00,3.13,3.14,3.13,3.14,118300
2024-05-23 14:30:00,3.14,3.14,3.13,3.13,6800
2024-05-23 14:31:00,3.13,3.13,3.12,3.12,57500
2024-05-23 14:32:00,3.13,3.13,3.13,3.13,34100
2024-05-23 14:33:00,3.13,3.13,3.12,3.12,28400
2024-05-23 14:34:00,3.12,3.12,3.12,3.12,200
2024-05-23 14:35:00,3.12,3.12,3.12,3.12,8000
2024-05-23 14:36:00,3.12,3.12,3.12,3.12,2600
2024-05-23 14:37:00,3.12,3.13,3.12,3.13,80300
2024-05-23 14:38:00,3.13,3.13,3.12,3.13,19100
2024-05-23 14:39:00,3.13,3.13,3.13,3.13,27100
2024-05-23 14:40:00,3.13,3.13,3.12,3.13,33200
2024-05-23 14:41:00,3.12,3.13,3.12,3.13,42800
2024-05-23 14:42:00,3.12,3.12,3.12,3.12,1200
2024-05-23 14:43:00,3.12,3.13,3.12,3.13,1700
2024-05-23 14:44:00,3.12,3.13,3.12,3.13,3200
2024-05-23 14:45:00,3.13,3.13,3.12,3.12,4300
2024-05-23 14:46:00,3.12,3.13,3.12,3.13,1300
2024-05-23 14:47:00,3.13,3.13,3.12,3.13,16000
2024-05-23 14:48:00,3.12,3.12,3.12,3.12,4000
2024-05-23 14:49:00,3.13,3.13,3.12,3.12,12500
2024-05-23 14:50:00,3.13,3.13,3.12,3.12,5500
2024-05-23 14:51:00,3.13,3.13,3.12,3.12,7300
2024-05-23 14:52:00,3.12,3.13,3.12,3.13,23400
2024-05-23 14:53:00,3.12,3.13,3.12,3.13,7600
2024-05-23 14:54:00,3.12,3.13,3.12,3.13,35100
2024-05-23 14:55:00,3.13,3.13,3.12,3.13,22700
2024-05-23 14:56:00,3.13,3.13,3.12,3.12,14600
2024-05-23 14:57:00,3.12,3.14,3.12,3.14,27200
2024-05-23 15:00:00,3.14,3.14,3.14,3.14,78300
2024-05-24 09:31:00,3.12,3.13,3.11,3.13,50400
2024-05-24 09:32:00,3.13,3.14,3.12,3.13,27500
2024-05-24 09:33:00,3.12,3.13,3.11,3.13,69500
2024-05-24 09:34:00,3.12,3.14,3.12,3.13,91200
2024-05-24 09:35:00,3.13,3.14,3.12,3.13,69800
2024-05-24 09:36:00,3.14,3.14,3.13,3.13,12500
2024-05-24 09:37:00,3.14,3.15,3.13,3.15,53800
2024-05-24 09:38:00,3.15,3.15,3.15,3.15,27900
2024-05-24 09:39:00,3.15,3.15,3.14,3.14,35000
2024-05-24 09:40:00,3.15,3.2,3.14,3.19,378300
2024-05-24 09:41:00,3.2,3.2,3.16,3.16,172800
2024-05-24 09:42:00,3.17,3.17,3.16,3.17,37000
2024-05-24 09:43:00,3.17,3.18,3.17,3.17,48800
2024-05-24 09:44:00,3.17,3.17,3.17,3.17,5700
2024-05-24 09:45:00,3.17,3.17,3.17,3.17,2800
2024-05-24 09:46:00,3.17,3.17,3.16,3.16,39300
2024-05-24 09:47:00,3.15,3.15,3.15,3.15,42800
2024-05-24 09:48:00,3.15,3.15,3.14,3.14,23600
2024-05-24 09:49:00,3.15,3.15,3.14,3.15,3700
2024-05-24 09:50:00,3.14,3.16,3.14,3.15,47100
2024-05-24 09:51:00,3.15,3.16,3.15,3.15,1100
2024-05-24 09:52:00,3.16,3.16,3.16,3.16,2900
2024-05-24 09:53:00,3.16,3.16,3.14,3.15,27500
2024-05-24 09:54:00,3.15,3.15,3.15,3.15,2700
2024-05-24 09:55:00,3.15,3.15,3.14,3.14,1300
2024-05-24 09:56:00,3.15,3.15,3.14,3.14,19000
2024-05-24 09:57:00,3.15,3.15,3.14,3.15,500
2024-05-24 09:58:00,3.15,3.15,3.13,3.13,85600
2024-05-24 09:59:00,3.14,3.14,3.13,3.14,7700
2024-05-24 10:00:00,3.13,3.13,3.13,3.13,300
2024-05-24 10:01:00,3.13,3.14,3.13,3.13,2400
2024-05-24 10:02:00,3.13,3.13,3.13,3.13,65400
2024-05-24 10:03:00,3.13,3.13,3.13,3.13,26800
2024-05-24 10:04:00,3.13,3.13,3.12,3.12,2300
2024-05-24 10:05:00,3.13,3.13,3.13,3.13,11100
2024-05-24 10:06:00,3.13,3.13,3.13,3.13,26200
2024-05-24 10:08:00,3.12,3.12,3.12,3.12,500
2024-05-24 10:09:00,3.12,3.13,3.12,3.13,2800
2024-05-24 10:10:00,3.12,3.13,3.12,3.12,53400
2024-05-24 10:11:00,3.12,3.12,3.12,3.12,1700
2024-05-24 10:12:00,3.12,3.13,3.12,3.13,38500
2024-05-24 10:13:00,3.13,3.13,3.13,3.13,8000
2024-05-24 10:14:00,3.13,3.13,3.13,3.13,26500
2024-05-24 10:15:00,3.13,3.14,3.13,3.13,21500
2024-05-24 10:16:00,3.13,3.14,3.13,3.13,19400
2024-05-24 10:17:00,3.14,3.14,3.14,3.14,23300
2024-05-24 10:18:00,3.13,3.14,3.13,3.14,66200
2024-05-24 10:19:00,3.14,3.15,3.14,3.15,400
2024-05-24 10:20:00,3.14,3.14,3.14,3.14,900
2024-05-24 10:21:00,3.14,3.14,3.13,3.13,32900
2024-05-24 10:22:00,3.13,3.13,3.13,3.13,1400
2024-05-24 10:23:00,3.13,3.13,3.13,3.13,900
2024-05-24 10:24:00,3.13,3.14,3.13,3.14,1300
2024-05-24 10:25:00,3.13,3.13,3.13,3.13,13300
2024-05-24 10:26:00,3.13,3.13,3.13,3.13,157300
2024-05-24 10:27:00,3.13,3.13,3.13,3.13,3700
2024-05-24 10:28:00,3.13,3.13,3.13,3.13,600
2024-05-24 10:29:00,3.12,3.13,3.12,3.13,24200
2024-05-24 10:30:00,3.13,3.13,3.13,3.13,2500
2024-05-24 10:31:00,3.13,3.13,3.13,3.13,30700
2024-05-24 10:32:00,3.13,3.13,3.12,3.12,1600
2024-05-24 10:33:00,3.13,3.13,3.13,3.13,1500
2024-05-24 10:34:00,3.13,3.13,3.12,3.12,2600
2024-05-24 10:35:00,3.13,3.13,3.12,3.12,8900
2024-05-24 10:36:00,3.12,3.12,3.12,3.12,1200
2024-05-24 10:38:00,3.13,3.13,3.12,3.12,7500
2024-05-24 10:39:00,3.12,3.12,3.12,3.12,2800
2024-05-24 10:40:00,3.12,3.12,3.12,3.12,32600
2024-05-24 10:41:00,3.12,3.12,3.11,3.11,106800
2024-05-24 10:42:00,3.11,3.11,3.11,3.11,4600
2024-05-24 10:43:00,3.11,3.11,3.11,3.11,4700
2024-05-24 10:44:00,3.11,3.11,3.1,3.1,140900
2024-05-24 10:45:00,3.11,3.11,3.11,3.11,1700
2024-05-24 10:46:00,3.11,3.12,3.11,3.11,28500
2024-05-24 10:47:00,3.12,3.12,3.12,3.12,20600
2024-05-24 10:48:00,3.12,3.13,3.11,3.13,9800
2024-05-24 10:49:00,3.12,3.13,3.12,3.12,54500
2024-05-24 10:50:00,3.13,3.13,3.13,3.13,19000
2024-05-24 10:51:00,3.13,3.13,3.13,3.13,100
2024-05-24 10:52:00,3.13,3.13,3.12,3.12,13900
2024-05-24 10:53:00,3.12,3.12,3.12,3.12,200
2024-05-24 10:54:00,3.13,3.13,3.13,3.13,4700
2024-05-24 10:57:00,3.12,3.12,3.12,3.12,100
2024-05-24 10:58:00,3.12,3.12,3.12,3.12,2000
2024-05-24 10:59:00,3.12,3.12,3.12,3.12,800
2024-05-24 11:00:00,3.13,3.14,3.13,3.13,46100
2024-05-24 11:01:00,3.13,3.13,3.13,3.13,6200
2024-05-24 11:02:00,3.14,3.14,3.13,3.13,800
2024-05-24 11:04:00,3.13,3.13,3.13,3.13,1600
2024-05-24 11:05:00,3.14,3.14,3.14,3.14,400
2024-05-24 11:06:00,3.13,3.13,3.13,3.13,900
2024-05-24 11:07:00,3.13,3.13,3.13,3.13,600
2024-05-24 11:08:00,3.13,3.14,3.13,3.14,200
2024-05-24 11:09:00,3.13,3.14,3.13,3.13,2100
2024-05-24 11:10:00,3.13,3.13,3.13,3.13,2600
2024-05-24 11:11:00,3.13,3.14,3.13,3.14,1200
2024-05-24 11:12:00,3.14,3.14,3.13,3.14,150200
2024-05-24 11:13:00,3.14,3.14,3.13,3.14,23800
2024-05-24 11:14:00,3.14,3.14,3.13,3.14,22800
2024-05-24 11:15:00,3.14,3.14,3.14,3.14,70900
2024-05-24 11:17:00,3.14,3.14,3.14,3.14,400
2024-05-24 11:22:00,3.14,3.14,3.14,3.14,4900
2024-05-24 11:23:00,3.14,3.14,3.14,3.14,1800
2024-05-24 11:24:00,3.14,3.14,3.14,3.14,200
2024-05-24 11:25:00,3.14,3.14,3.14,3.14,800
2024-05-24 11:26:00,3.14,3.14,3.14,3.14,100
2024-05-24 11:27:00,3.15,3.15,3.15,3.15,200
2024-05-24 11:28:00,3.14,3.15,3.14,3.14,32400
2024-05-24 11:29:00,3.15,3.15,3.14,3.14,700
2024-05-24 11:30:00,3.14,3.15,3.14,3.15,300
2024-05-24 13:01:00,3.14,3.15,3.14,3.15,7500
2024-05-24 13:02:00,3.14,3.14,3.14,3.14,9600
2024-05-24 13:03:00,3.14,3.15,3.14,3.15,11400
2024-05-24 13:04:00,3.14,3.14,3.14,3.14,44300
2024-05-24 13:06:00,3.14,3.14,3.14,3.14,400
2024-05-24 13:08:00,3.14,3.14,3.13,3.13,4200
2024-05-24 13:10:00,3.13,3.14,3.13,3.14,1100
2024-05-24 13:11:00,3.14,3.14,3.13,3.13,14500
2024-05-24 13:12:00,3.13,3.13,3.13,3.13,700
2024-05-24 13:13:00,3.13,3.13,3.13,3.13,900
2024-05-24 13:14:00,3.13,3.14,3.13,3.14,500
2024-05-24 13:15:00,3.13,3.14,3.13,3.13,1100
2024-05-24 13:16:00,3.13,3.13,3.13,3.13,78300
2024-05-24 13:17:00,3.13,3.13,3.13,3.13,23600
2024-05-24 13:18:00,3.13,3.13,3.13,3.13,2300
2024-05-24 13:19:00,3.13,3.14,3.13,3.14,2500
2024-05-24 13:20:00,3.13,3.13,3.13,3.13,100
2024-05-24 13:21:00,3.13,3.14,3.13,3.13,10600
2024-05-24 13:22:00,3.13,3.13,3.13,3.13,300
2024-05-24 13:24:00,3.13,3.13,3.13,3.13,3000
2024-05-24 13:25:00,3.13,3.14,3.13,3.14,700
2024-05-24 13:26:00,3.13,3.13,3.13,3.13,8000
2024-05-24 13:27:00,3.13,3.14,3.13,3.13,800
2024-05-24 13:28:00,3.13,3.13,3.13,3.13,87500
2024-05-24 13:29:00,3.13,3.13,3.13,3.13,61300
2024-05-24 13:30:00,3.14,3.14,3.13,3.13,11600
2024-05-24 13:31:00,3.13,3.14,3.12,3.13,94700
2024-05-24 13:32:00,3.13,3.13,3.13,3.13,12100
2024-05-24 13:33:00,3.13,3.13,3.13,3.13,5500
2024-05-24 13:34:00,3.13,3.13,3.13,3.13,7300
2024-05-24 13:35:00,3.13,3.14,3.13,3.13,29600
2024-05-24 13:36:00,3.13,3.14,3.13,3.13,10600
2024-05-24 13:37:00,3.13,3.13,3.13,3.13,400
2024-05-24 13:38:00,3.13,3.13,3.13,3.13,105200
2024-05-24 13:39:00,3.13,3.13,3.13,3.13,5400
2024-05-24 13:41:00,3.13,3.13,3.13,3.13,31400
2024-05-24 13:43:00,3.12,3.12,3.12,3.12,30400
2024-05-24 13:44:00,3.13,3.13,3.13,3.13,400
2024-05-24 13:45:00,3.12,3.12,3.12,3.12,800
2024-05-24 13:46:00,3.12,3.12,3.12,3.12,24800
2024-05-24 13:47:00,3.12,3.12,3.12,3.12,2000
2024-05-24 13:48:00,3.12,3.12,3.12,3.12,100
2024-05-24 13:49:00,3.12,3.12,3.12,3.12,600
2024-05-24 13:50:00,3.12,3.12,3.12,3.12,2100
2024-05-24 13:51:00,3.12,3.12,3.12,3.12,1400
2024-05-24 13:52:00,3.12,3.12,3.12,3.12,28300
2024-05-24 13:53:00,3.12,3.12,3.12,3.12,700
2024-05-24 13:54:00,3.13,3.13,3.12,3.13,1100
2024-05-24 13:55:00,3.13,3.13,3.12,3.12,5000
2024-05-24 13:56:00,3.13,3.13,3.12,3.13,44500
2024-05-24 13:57:00,3.13,3.13,3.12,3.12,800
2024-05-24 13:58:00,3.13,3.13,3.12,3.12,13600
2024-05-24 13:59:00,3.13,3.13,3.12,3.12,76500
2024-05-24 14:00:00,3.13,3.13,3.12,3.12,2500
2024-05-24 14:01:00,3.13,3.13,3.12,3.12,19600
2024-05-24 14:02:00,3.13,3.13,3.13,3.13,500
2024-05-24 14:03:00,3.13,3.13,3.13,3.13,400
2024-05-24 14:04:00,3.13,3.13,3.13,3.13,400
2024-05-24 14:05:00,3.13,3.13,3.12,3.12,700
2024-05-24 14:06:00,3.13,3.13,3.12,3.13,2400
2024-05-24 14:07:00,3.12,3.13,3.12,3.12,20900
2024-05-24 14:08:00,3.13,3.13,3.12,3.12,22800
2024-05-24 14:09:00,3.13,3.13,3.13,3.13,300
2024-05-24 14:10:00,3.13,3.13,3.13,3.13,200
2024-05-24 14:11:00,3.13,3.13,3.13,3.13,200
2024-05-24 14:12:00,3.13,3.13,3.12,3.12,10300
2024-05-24 14:13:00,3.13,3.13,3.12,3.12,14200
2024-05-24 14:14:00,3.13,3.13,3.12,3.12,1500
2024-05-24 14:15:00,3.13,3.13,3.12,3.12,11400
2024-05-24 14:16:00,3.13,3.13,3.12,3.12,1800
2024-05-24 14:17:00,3.13,3.13,3.12,3.12,3100
2024-05-24 14:18:00,3.13,3.13,3.12,3.12,49000
2024-05-24 14:19:00,3.13,3.13,3.12,3.12,6200
2024-05-24 14:20:00,3.13,3.13,3.12,3.12,500
2024-05-24 14:21:00,3.12,3.13,3.12,3.12,30700
2024-05-24 14:22:00,3.12,3.12,3.11,3.12,40900
2024-05-24 14:23:00,3.12,3.12,3.11,3.12,41200
2024-05-24 14:24:00,3.12,3.12,3.12,3.12,54100
2024-05-24 14:25:00,3.13,3.13,3.12,3.13,34200
2024-05-24 14:26:00,3.12,3.12,3.11,3.12,9300
2024-05-24 14:27:00,3.12,3.12,3.12,3.12,11400
2024-05-24 14:28:00,3.12,3.12,3.12,3.12,700
2024-05-24 14:29:00,3.13,3.13,3.12,3.12,2700
2024-05-24 14:30:00,3.12,3.12,3.12,3.12,11200
2024-05-24 14:31:00,3.12,3.13,3.12,3.13,4300
2024-05-24 14:32:00,3.12,3.13,3.11,3.11,26300
2024-05-24 14:33:00,3.12,3.13,3.12,3.12,17500
2024-05-24 14:34:00,3.13,3.13,3.12,3.12,60100
2024-05-24 14:35:00,3.12,3.12,3.11,3.12,30400
2024-05-24 14:36:00,3.11,3.12,3.11,3.11,47500
2024-05-24 14:37:00,3.12,3.12,3.11,3.11,1400
2024-05-24 14:38:00,3.11,3.12,3.11,3.11,4700
2024-05-24 14:39:00,3.11,3.11,3.11,3.11,14700
2024-05-24 14:40:00,3.12,3.12,3.11,3.11,5400
2024-05-24 14:41:00,3.12,3.12,3.11,3.11,35200
2024-05-24 14:42:00,3.12,3.12,3.11,3.11,5500
2024-05-24 14:43:00,3.12,3.12,3.11,3.11,68000
2024-05-24 14:44:00,3.11,3.11,3.11,3.11,2400
2024-05-24 14:45:00,3.11,3.12,3.11,3.11,133200
2024-05-24 14:46:00,3.11,3.12,3.1,3.11,10100
2024-05-24 14:47:00,3.11,3.11,3.1,3.11,54700
2024-05-24 14:48:00,3.11,3.12,3.1,3.1,110700
2024-05-24 14:49:00,3.1,3.11,3.1,3.1,134900
2024-05-24 14:50:00,3.1,3.11,3.1,3.1,94300
2024-05-24 14:51:00,3.1,3.1,3.1,3.1,24300
2024-05-24 14:52:00,3.1,3.11,3.09,3.1,108000
2024-05-24 14:53:00,3.1,3.1,3.09,3.09,69600
2024-05-24 14:54:00,3.09,3.1,3.09,3.09,1700
2024-05-24 14:55:00,3.1,3.1,3.08,3.09,118000
2024-05-24 14:56:00,3.1,3.1,3.09,3.1,38600
2024-05-24 14:57:00,3.09,3.1,3.09,3.09,86000
2024-05-24 15:00:00,3.09,3.09,3.09,3.09,22500
2024-05-27 09:31:00,3.09,3.1,3.08,3.09,76200
2024-05-27 09:32:00,3.09,3.09,3.06,3.06,53800
2024-05-27 09:33:00,3.07,3.08,3.07,3.07,30600
2024-05-27 09:34:00,3.07,3.08,3.06,3.07,13700
2024-05-27 09:35:00,3.08,3.08,3.07,3.07,16900
2024-05-27 09:36:00,3.07,3.07,3.05,3.06,85900
2024-05-27 09:37:00,3.06,3.06,3.05,3.06,16100
2024-05-27 09:38:00,3.06,3.06,3.05,3.05,112800
2024-05-27 09:39:00,3.05,3.06,3.04,3.05,69900
2024-05-27 09:40:00,3.06,3.06,3.05,3.05,68800
2024-05-27 09:41:00,3.05,3.05,3.04,3.04,75500
2024-05-27 09:42:00,3.04,3.04,3.03,3.03,86800
2024-05-27 09:43:00,3.03,3.03,3.03,3.03,135800
2024-05-27 09:44:00,3.03,3.04,3.03,3.03,23700
2024-05-27 09:45:00,3.03,3.03,3.03,3.03,6500
2024-05-27 09:46:00,3.03,3.05,3.03,3.04,166600
2024-05-27 09:47:00,3.04,3.05,3.04,3.05,8600
2024-05-27 09:48:00,3.05,3.05,3.05,3.05,6500
2024-05-27 09:49:00,3.04,3.05,3.04,3.05,89500
2024-05-27 09:50:00,3.04,3.05,3.04,3.05,18700
2024-05-27 09:51:00,3.04,3.04,3.04,3.04,1400
2024-05-27 09:52:00,3.04,3.05,3.04,3.05,31700
2024-05-27 09:53:00,3.05,3.05,3.05,3.05,800
2024-05-27 09:54:00,3.05,3.05,3.05,3.05,800
2024-05-27 09:55:00,3.05,3.06,3.04,3.06,8700
2024-05-27 09:56:00,3.06,3.06,3.05,3.05,64200
2024-05-27 09:57:00,3.06,3.06,3.05,3.05,400
2024-05-27 09:58:00,3.06,3.06,3.05,3.05,9600
2024-05-27 09:59:00,3.05,3.05,3.05,3.05,2000
2024-05-27 10:00:00,3.05,3.06,3.05,3.05,33100
2024-05-27 10:01:00,3.06,3.06,3.04,3.04,33600
2024-05-27 10:02:00,3.04,3.04,3.03,3.03,13700
2024-05-27 10:03:00,3.03,3.04,3.03,3.03,143200
2024-05-27 10:04:00,3.03,3.04,3.03,3.04,1100
2024-05-27 10:05:00,3.04,3.04,3.04,3.04,8300
2024-05-27 10:06:00,3.04,3.04,3.04,3.04,17100
2024-05-27 10:07:00,3.04,3.04,3.03,3.04,4400
2024-05-27 10:08:00,3.04,3.04,3.03,3.03,6800
2024-05-27 10:09:00,3.04,3.04,3.03,3.04,12800
2024-05-27 10:10:00,3.04,3.04,3.04,3.04,9900
2024-05-27 10:11:00,3.04,3.04,3.03,3.03,13400
2024-05-27 10:12:00,3.03,3.03,3.02,3.02,121100
2024-05-27 10:13:00,3.02,3.03,3.02,3.03,19100
2024-05-27 10:14:00,3.02,3.03,3.02,3.02,110900
2024-05-27 10:15:00,3.03,3.03,3.02,3.02,14600
2024-05-27 10:16:00,3.03,3.03,3.02,3.02,20000
2024-05-27 10:17:00,3.02,3.02,3.02,3.02,15200
2024-05-27 10:18:00,3.02,3.02,3.01,3.02,53000
2024-05-27 10:19:00,3.02,3.02,3.02,3.02,25000
2024-05-27 10:20:00,3.02,3.02,3.01,3.02,50100
2024-05-27 10:21:00,3.01,3.02,3.01,3.02,400100
2024-05-27 10:22:00,3.02,3.02,3.01,3.01,61800
2024-05-27 10:24:00,3.02,3.02,3.01,3.02,6900
2024-05-27 10:25:00,3.01,3.02,3.01,3.02,55200
2024-05-27 10:26:00,3.02,3.03,3.01,3.01,20600
2024-05-27 10:27:00,3.02,3.02,3.02,3.02,5500
2024-05-27 10:28:00,3.01,3.02,3.01,3.01,19900
2024-05-27 10:29:00,3.01,3.02,3.01,3.01,10900
2024-05-27 10:30:00,3.01,3.02,3.01,3.01,5800
2024-05-27 10:31:00,3.01,3.01,3.01,3.01,26600
2024-05-27 10:32:00,3.01,3.01,3.0,3.01,91700
2024-05-27 10:33:00,3.0,3.01,3.0,3.0,13700
2024-05-27 10:34:00,3.0,3.01,3.0,3.0,78000
2024-05-27 10:35:00,3.0,3.0,3.0,3.0,2100
2024-05-27 10:36:00,3.0,3.0,3.0,3.0,107600
2024-05-27 10:37:00,3.0,3.01,3.0,3.0,125900
2024-05-27 10:38:00,3.0,3.01,3.0,3.01,2900
2024-05-27 10:39:00,3.0,3.0,3.0,3.0,1000
2024-05-27 10:40:00,3.01,3.01,3.0,3.0,12200
2024-05-27 10:41:00,3.0,3.0,3.0,3.0,29700
2024-05-27 10:42:00,3.0,3.0,2.99,2.99,180000
2024-05-27 10:43:00,2.99,3.0,2.99,3.0,28900
2024-05-27 10:44:00,2.99,3.0,2.99,3.0,53500
2024-05-27 10:45:00,3.0,3.0,3.0,3.0,5000
2024-05-27 10:46:00,3.0,3.0,3.0,3.0,700
2024-05-27 10:48:00,3.0,3.0,2.99,2.99,25600
2024-05-27 10:50:00,3.0,3.0,2.99,2.99,10600
2024-05-27 10:51:00,2.99,2.99,2.99,2.99,300
2024-05-27 10:52:00,2.99,3.0,2.99,3.0,4400
2024-05-27 10:53:00,3.0,3.0,2.99,2.99,52800
2024-05-27 10:55:00,2.99,2.99,2.99,2.99,5000
2024-05-27 10:56:00,2.99,3.0,2.99,3.0,7000
2024-05-27 10:57:00,3.0,3.0,3.0,3.0,500
2024-05-27 10:58:00,3.0,3.0,3.0,3.0,300
2024-05-27 10:59:00,3.0,3.0,3.0,3.0,7700
2024-05-27 11:00:00,3.0,3.0,2.99,2.99,1300
2024-05-27 11:01:00,3.0,3.0,2.99,2.99,11400
2024-05-27 11:02:00,2.99,2.99,2.99,2.99,4500
2024-05-27 11:03:00,2.99,3.0,2.99,3.0,60700
2024-05-27 11:04:00,2.99,3.0,2.99,3.0,4800
2024-05-27 11:05:00,2.99,2.99,2.99,2.99,500
2024-05-27 11:06:00,3.0,3.0,3.0,3.0,1000
2024-05-27 11:07:00,3.0,3.0,2.99,3.0,11200
2024-05-27 11:08:00,2.99,2.99,2.98,2.98,112800
2024-05-27 11:09:00,2.98,2.98,2.97,2.98,141800
2024-05-27 11:10:00,2.98,2.98,2.98,2.98,600
2024-05-27 11:11:00,2.98,2.98,2.98,2.98,400
2024-05-27 11:13:00,2.99,2.99,2.99,2.99,500
2024-05-27 11:14:00,2.99,2.99,2.98,2.98,4400
2024-05-27 11:15:00,2.98,2.98,2.98,2.98,100
2024-05-27 11:16:00,2.98,2.99,2.98,2.99,1600
2024-05-27 11:17:00,2.99,2.99,2.99,2.99,1400
2024-05-27 11:18:00,2.99,2.99,2.99,2.99,9400
2024-05-27 11:19:00,2.99,2.99,2.98,2.98,35800
2024-05-27 11:20:00,2.99,2.99,2.99,2.99,6500
2024-05-27 11:21:00,2.99,2.99,2.99,2.99,10600
2024-05-27 11:23:00,2.99,2.99,2.99,2.99,3500
2024-05-27 11:24:00,2.99,2.99,2.99,2.99,2500
2024-05-27 11:25:00,2.98,2.99,2.98,2.99,15900
2024-05-27 11:26:00,2.99,2.99,2.98,2.98,12000
2024-05-27 11:28:00,2.98,2.98,2.98,2.98,168100
2024-05-27 11:30:00,2.99,2.99,2.99,2.99,1900
2024-05-27 13:01:00,2.98,2.99,2.98,2.99,37000
2024-05-27 13:02:00,2.99,2.99,2.99,2.99,100
2024-05-27 13:03:00,2.99,2.99,2.99,2.99,500
2024-05-27 13:04:00,2.98,2.99,2.98,2.99,20900
2024-05-27 13:05:00,2.98,2.98,2.98,2.98,1000
2024-05-27 13:06:00,2.99,2.99,2.98,2.99,63400
2024-05-27 13:07:00,2.99,2.99,2.99,2.99,48200
2024-05-27 13:08:00,3.0,3.0,3.0,3.0,9400
2024-05-27 13:09:00,2.99,2.99,2.99,2.99,3000
2024-05-27 13:10:00,3.0,3.0,2.99,2.99,4000
2024-05-27 13:11:00,2.99,3.01,2.99,3.0,68800
2024-05-27 13:12:00,3.0,3.0,3.0,3.0,27600
2024-05-27 13:13:00,2.99,3.01,2.99,3.01,33400
2024-05-27 13:14:00,3.0,3.01,3.0,3.0,20200
2024-05-27 13:15:00,3.0,3.0,3.0,3.0,2300
2024-05-27 13:16:00,3.01,3.01,3.01,3.01,1200
2024-05-27 13:17:00,3.01,3.01,3.01,3.01,200
2024-05-27 13:18:00,3.01,3.01,3.01,3.01,20100
2024-05-27 13:19:00,3.01,3.01,3.0,3.01,13200
2024-05-27 13:20:00,3.0,3.02,3.0,3.01,4900
2024-05-27 13:21:00,3.01,3.01,3.0,3.01,10800
2024-05-27 13:22:00,3.01,3.01,3.01,3.01,100
2024-05-27 13:23:00,3.01,3.01,3.01,3.01,25500
2024-05-27 13:25:00,3.0,3.01,3.0,3.01,12200
2024-05-27 13:26:00,3.01,3.01,3.01,3.01,6100
2024-05-27 13:27:00,3.01,3.01,3.0,3.0,171700
2024-05-27 13:28:00,3.0,3.0,3.0,3.0,600
2024-05-27 13:29:00,3.0,3.0,3.0,3.0,20400
2024-05-27 13:30:00,3.0,3.01,3.0,3.0,4700
2024-05-27 13:31:00,3.0,3.0,3.0,3.0,12500
2024-05-27 13:32:00,3.01,3.01,3.01,3.01,300
2024-05-27 13:33:00,3.01,3.01,3.0,3.01,43700
2024-05-27 13:34:00,3.01,3.01,3.01,3.01,2400
2024-05-27 13:35:00,3.01,3.01,3.01,3.01,200
2024-05-27 13:36:00,3.01,3.01,3.01,3.01,11800
2024-05-27 13:37:00,3.01,3.01,3.01,3.01,900
2024-05-27 13:38:00,3.01,3.01,3.01,3.01,1400
2024-05-27 13:39:00,3.0,3.0,3.0,3.0,1000
2024-05-27 13:40:00,3.01,3.01,3.01,3.01,100
2024-05-27 13:41:00,3.01,3.01,3.01,3.01,2400
2024-05-27 13:42:00,3.0,3.01,3.0,3.0,13900
2024-05-27 13:43:00,3.01,3.02,3.01,3.02,36900
2024-05-27 13:44:00,3.02,3.02,3.02,3.02,8000
2024-05-27 13:45:00,3.01,3.02,3.01,3.02,900
2024-05-27 13:48:00,3.02,3.02,3.01,3.01,800
2024-05-27 13:49:00,3.01,3.01,3.0,3.01,71000
2024-05-27 13:50:00,3.01,3.01,3.01,3.01,22200
2024-05-27 13:53:00,3.02,3.02,3.01,3.01,1200
2024-05-27 13:54:00,3.01,3.01,3.01,3.01,400
2024-05-27 13:55:00,3.01,3.02,3.01,3.01,6100
2024-05-27 13:56:00,3.01,3.01,3.01,3.01,400
2024-05-27 13:57:00,3.02,3.02,3.01,3.02,63200
2024-05-27 13:58:00,3.02,3.02,3.02,3.02,16300
2024-05-27 13:59:00,3.02,3.02,3.02,3.02,200
2024-05-27 14:00:00,3.02,3.02,3.01,3.01,1400
2024-05-27 14:01:00,3.01,3.01,3.01,3.01,50000
2024-05-27 14:02:00,3.01,3.01,3.01,3.01,50000
2024-05-27 14:03:00,3.02,3.02,3.01,3.01,139700
2024-05-27 14:04:00,3.01,3.01,3.01,3.01,1600
2024-05-27 14:05:00,3.02,3.02,3.01,3.01,500
2024-05-27 14:06:00,3.02,3.04,3.02,3.04,311025
2024-05-27 14:07:00,3.04,3.04,3.03,3.03,25200
2024-05-27 14:08:00,3.03,3.03,3.03,3.03,200
2024-05-27 14:09:00,3.03,3.03,3.03,3.03,500
2024-05-27 14:10:00,3.03,3.03,3.02,3.02,17300
2024-05-27 14:11:00,3.03,3.03,3.03,3.03,6100
2024-05-27 14:12:00,3.04,3.04,3.03,3.03,900
2024-05-27 14:13:00,3.04,3.04,3.03,3.03,4200
2024-05-27 14:14:00,3.03,3.03,3.03,3.03,300
2024-05-27 14:15:00,3.03,3.03,3.03,3.03,6100
2024-05-27 14:16:00,3.03,3.03,3.03,3.03,700
2024-05-27 14:17:00,3.03,3.03,3.03,3.03,21800
2024-05-27 14:18:00,3.04,3.04,3.03,3.03,23000
2024-05-27 14:19:00,3.03,3.03,3.03,3.03,9500
2024-05-27 14:20:00,3.03,3.03,3.03,3.03,4000
2024-05-27 14:21:00,3.03,3.03,3.02,3.03,1800
2024-05-27 14:22:00,3.03,3.03,3.02,3.02,55200
2024-05-27 14:23:00,3.04,3.04,3.04,3.04,100
2024-05-27 14:24:00,3.04,3.04,3.04,3.04,3000
2024-05-27 14:26:00,3.04,3.04,3.04,3.04,3900
2024-05-27 14:27:00,3.04,3.04,3.04,3.04,91300
2024-05-27 14:28:00,3.04,3.04,3.04,3.04,47800
2024-05-27 14:29:00,3.04,3.04,3.04,3.04,400
2024-05-27 14:30:00,3.04,3.04,3.04,3.04,20900
2024-05-27 14:31:00,3.05,3.05,3.04,3.04,800
2024-05-27 14:32:00,3.05,3.05,3.04,3.04,24000
2024-05-27 14:33:00,3.05,3.05,3.05,3.05,200
2024-05-27 14:34:00,3.04,3.05,3.04,3.05,4300
2024-05-27 14:36:00,3.04,3.05,3.04,3.04,133700
2024-05-27 14:37:00,3.04,3.05,3.04,3.04,25500
2024-05-27 14:38:00,3.04,3.04,3.04,3.04,6800
2024-05-27 14:39:00,3.04,3.04,3.04,3.04,800
2024-05-27 14:40:00,3.05,3.05,3.04,3.04,13000
2024-05-27 14:41:00,3.04,3.05,3.04,3.05,64900
2024-05-27 14:42:00,3.05,3.05,3.04,3.05,72000
2024-05-27 14:43:00,3.05,3.05,3.04,3.04,3100
2024-05-27 14:44:00,3.04,3.05,3.03,3.04,5700
2024-05-27 14:45:00,3.04,3.05,3.04,3.04,53100
2024-05-27 14:46:00,3.05,3.05,3.03,3.05,17600
2024-05-27 14:47:00,3.05,3.05,3.04,3.04,59000
2024-05-27 14:48:00,3.04,3.05,3.03,3.04,12700
2024-05-27 14:49:00,3.04,3.05,3.03,3.05,9700
2024-05-27 14:50:00,3.04,3.05,3.04,3.04,61700
2024-05-27 14:51:00,3.04,3.04,3.03,3.04,25200
2024-05-27 14:52:00,3.04,3.04,3.03,3.04,30900
2024-05-27 14:53:00,3.04,3.04,3.03,3.04,5700
2024-05-27 14:54:00,3.04,3.04,3.03,3.03,17000
2024-05-27 14:55:00,3.04,3.04,3.03,3.04,33700
2024-05-27 14:56:00,3.04,3.04,3.03,3.04,12100
2024-05-27 14:57:00,3.04,3.05,3.04,3.05,63600
2024-05-27 15:00:00,3.06,3.06,3.06,3.06,287500
2024-05-28 09:31:00,3.05,3.06,3.01,3.02,78600
2024-05-28 09:32:00,3.01,3.02,3.01,3.02,66100
2024-05-28 09:33:00,3.02,3.03,3.02,3.02,24400
2024-05-28 09:34:00,3.03,3.03,3.01,3.01,79500
2024-05-28 09:35:00,3.02,3.03,3.02,3.02,13500
2024-05-28 09:36:00,3.02,3.03,3.01,3.02,34000
2024-05-28 09:37:00,3.02,3.03,3.02,3.02,36700
2024-05-28 09:38:00,3.02,3.03,3.02,3.02,6700
2024-05-28 09:39:00,3.02,3.03,3.02,3.03,63600
2024-05-28 09:40:00,3.02,3.03,3.02,3.02,14300
2024-05-28 09:41:00,3.03,3.03,3.03,3.03,4200
2024-05-28 09:42:00,3.02,3.02,3.02,3.02,300
2024-05-28 09:43:00,3.03,3.03,3.02,3.02,400
2024-05-28 09:44:00,3.03,3.03,3.03,3.03,12800
2024-05-28 09:45:00,3.03,3.03,3.02,3.03,50400
2024-05-28 09:46:00,3.03,3.04,3.02,3.02,29000
2024-05-28 09:47:00,3.02,3.02,3.02,3.02,20500
2024-05-28 09:48:00,3.02,3.02,3.02,3.02,1800
2024-05-28 09:49:00,3.02,3.03,3.02,3.03,54100
2024-05-28 09:50:00,3.03,3.04,3.03,3.04,56700
2024-05-28 09:51:00,3.03,3.03,3.03,3.03,900
2024-05-28 09:52:00,3.04,3.04,3.04,3.04,400
2024-05-28 09:53:00,3.03,3.04,3.03,3.04,700
2024-05-28 09:54:00,3.04,3.04,3.04,3.04,100
2024-05-28 09:55:00,3.03,3.04,3.03,3.04,12300
2024-05-28 09:56:00,3.04,3.04,3.03,3.04,110600
2024-05-28 09:57:00,3.03,3.04,3.03,3.03,39100
2024-05-28 09:58:00,3.04,3.04,3.04,3.04,2300
2024-05-28 09:59:00,3.03,3.04,3.03,3.04,20000
2024-05-28 10:00:00,3.04,3.04,3.03,3.03,900
2024-05-28 10:01:00,3.03,3.03,3.02,3.02,96900
2024-05-28 10:02:00,3.03,3.03,3.03,3.03,4400
2024-05-28 10:03:00,3.03,3.03,3.03,3.03,700
2024-05-28 10:04:00,3.02,3.04,3.02,3.04,76600
2024-05-28 10:05:00,3.04,3.04,3.03,3.04,900
2024-05-28 10:06:00,3.03,3.04,3.03,3.04,10700
2024-05-28 10:07:00,3.04,3.04,3.03,3.04,400
2024-05-28 10:08:00,3.04,3.04,3.03,3.04,600
2024-05-28 10:09:00,3.04,3.04,3.04,3.04,200
2024-05-28 10:10:00,3.03,3.04,3.03,3.04,9300
2024-05-28 10:11:00,3.03,3.04,3.03,3.04,33003
2024-05-28 10:12:00,3.04,3.04,3.04,3.04,100
2024-05-28 10:13:00,3.04,3.04,3.03,3.04,10700
2024-05-28 10:14:00,3.03,3.04,3.03,3.03,44600
2024-05-28 10:15:00,3.03,3.04,3.03,3.04,6100
2024-05-28 10:16:00,3.03,3.04,3.03,3.04,1700
2024-05-28 10:17:00,3.03,3.03,3.02,3.03,33700
2024-05-28 10:18:00,3.02,3.02,3.02,3.02,800
2024-05-28 10:19:00,3.02,3.03,3.02,3.02,800
2024-05-28 10:20:00,3.02,3.02,3.02,3.02,10300
2024-05-28 10:21:00,3.02,3.03,3.02,3.02,5800
2024-05-28 10:22:00,3.03,3.03,3.03,3.03,200
2024-05-28 10:23:00,3.02,3.02,3.02,3.02,400
2024-05-28 10:24:00,3.02,3.02,3.02,3.02,300
2024-05-28 10:25:00,3.02,3.02,3.02,3.02,15100
2024-05-28 10:26:00,3.02,3.02,3.02,3.02,96400
2024-05-28 10:27:00,3.02,3.02,3.02,3.02,86500
2024-05-28 10:28:00,3.02,3.02,3.01,3.02,17400
2024-05-28 10:29:00,3.01,3.01,3.01,3.01,2000
2024-05-28 10:30:00,3.02,3.02,3.01,3.01,34100
2024-05-28 10:31:00,3.01,3.02,3.01,3.02,3700
2024-05-28 10:32:00,3.02,3.02,3.01,3.01,4300
2024-05-28 10:33:00,3.01,3.01,3.01,3.01,4000
2024-05-28 10:34:00,3.01,3.02,3.01,3.01,59600
2024-05-28 10:35:00,3.01,3.01,3.01,3.01,16900
2024-05-28 10:36:00,3.02,3.02,3.01,3.01,11400
2024-05-28 10:37:00,3.01,3.01,3.01,3.01,3400
2024-05-28 10:38:00,3.01,3.02,3.01,3.01,103700
2024-05-28 10:39:00,3.01,3.02,3.01,3.01,45900
2024-05-28 10:40:00,3.01,3.02,3.01,3.01,70200
2024-05-28 10:41:00,3.01,3.02,3.01,3.01,19000
2024-05-28 10:42:00,3.01,3.01,3.01,3.01,53700
2024-05-28 10:43:00,3.01,3.01,3.01,3.01,59800
2024-05-28 10:44:00,3.01,3.01,3.01,3.01,7900
2024-05-28 10:45:00,3.01,3.01,3.01,3.01,16700
2024-05-28 10:46:00,3.01,3.02,3.01,3.02,11800
2024-05-28 10:47:00,3.02,3.02,3.01,3.01,61300
2024-05-28 10:48:00,3.01,3.01,3.01,3.01,49200
2024-05-28 10:49:00,3.01,3.01,3.01,3.01,1400
2024-05-28 10:50:00,3.01,3.02,3.01,3.02,7400
2024-05-28 10:51:00,3.01,3.02,3.01,3.01,58000
2024-05-28 10:52:00,3.01,3.01,2.99,3.0,305700
2024-05-28 10:53:00,2.99,3.0,2.99,3.0,42900
2024-05-28 10:54:00,3.0,3.0,2.99,3.0,84825
2024-05-28 10:55:00,3.0,3.01,3.0,3.01,2600
2024-05-28 10:56:00,3.01,3.01,3.0,3.0,700
2024-05-28 10:57:00,3.0,3.01,3.0,3.01,183700
2024-05-28 10:58:00,3.02,3.02,3.01,3.01,11900
2024-05-28 10:59:00,3.0,3.0,3.0,3.0,100
2024-05-28 11:02:00,3.0,3.0,3.0,3.0,1900
2024-05-28 11:03:00,3.0,3.01,3.0,3.01,6900
2024-05-28 11:04:00,3.0,3.0,3.0,3.0,5800
2024-05-28 11:05:00,3.0,3.0,3.0,3.0,7500
2024-05-28 11:06:00,3.01,3.01,3.0,3.0,6900
2024-05-28 11:07:00,3.0,3.0,3.0,3.0,3900
2024-05-28 11:08:00,3.0,3.0,3.0,3.0,300
2024-05-28 11:09:00,3.01,3.01,3.0,3.0,2300
2024-05-28 11:10:00,3.0,3.0,3.0,3.0,100
2024-05-28 11:11:00,3.0,3.0,3.0,3.0,3200
2024-05-28 11:12:00,3.0,3.0,3.0,3.0,2100
2024-05-28 11:13:00,3.01,3.01,3.01,3.01,1000
2024-05-28 11:14:00,3.0,3.0,3.0,3.0,12000
2024-05-28 11:15:00,3.01,3.01,3.0,3.0,200
2024-05-28 11:16:00,3.0,3.0,3.0,3.0,3000
2024-05-28 11:17:00,3.0,3.0,3.0,3.0,11500
2024-05-28 11:18:00,3.0,3.0,3.0,3.0,5100
2024-05-28 11:19:00,3.0,3.0,3.0,3.0,12800
2024-05-28 11:20:00,3.0,3.0,3.0,3.0,27000
2024-05-28 11:21:00,3.01,3.01,3.0,3.0,1100
2024-05-28 11:22:00,3.0,3.0,3.0,3.0,2100
2024-05-28 11:23:00,3.0,3.0,3.0,3.0,800
2024-05-28 11:24:00,3.0,3.01,3.0,3.0,5200
2024-05-28 11:25:00,3.0,3.0,3.0,3.0,13300
2024-05-28 11:26:00,3.01,3.02,3.0,3.01,64100
2024-05-28 11:27:00,3.01,3.01,3.01,3.01,7000
2024-05-28 11:28:00,3.01,3.01,3.01,3.01,8400
2024-05-28 11:30:00,3.01,3.01,3.01,3.01,100
2024-05-28 13:01:00,3.0,3.01,3.0,3.01,52000
2024-05-28 13:02:00,3.0,3.0,3.0,3.0,8900
2024-05-28 13:03:00,3.0,3.0,3.0,3.0,1200
2024-05-28 13:04:00,3.0,3.0,3.0,3.0,1200
2024-05-28 13:05:00,3.01,3.01,3.0,3.0,7800
2024-05-28 13:06:00,3.01,3.01,3.0,3.0,3400
2024-05-28 13:07:00,3.0,3.0,3.0,3.0,8300
2024-05-28 13:08:00,3.0,3.0,3.0,3.0,2000
2024-05-28 13:09:00,3.0,3.01,3.0,3.01,4900
2024-05-28 13:10:00,3.0,3.01,3.0,3.01,800
2024-05-28 13:11:00,3.0,3.0,3.0,3.0,17700
2024-05-28 13:12:00,3.0,3.0,3.0,3.0,800
2024-05-28 13:13:00,3.0,3.0,3.0,3.0,1600
2024-05-28 13:14:00,3.0,3.0,3.0,3.0,20800
2024-05-28 13:15:00,3.0,3.01,3.0,3.0,10900
2024-05-28 13:16:00,3.0,3.0,3.0,3.0,4600
2024-05-28 13:17:00,3.0,3.0,3.0,3.0,52600
2024-05-28 13:18:00,2.99,2.99,2.99,2.99,1100
2024-05-28 13:19:00,2.99,2.99,2.99,2.99,100
2024-05-28 13:22:00,2.99,2.99,2.99,2.99,100
2024-05-28 13:23:00,3.0,3.0,2.99,2.99,10700
2024-05-28 13:25:00,2.99,2.99,2.99,2.99,500
2024-05-28 13:26:00,3.0,3.0,3.0,3.0,100
2024-05-28 13:27:00,3.0,3.0,2.99,2.99,1200
2024-05-28 13:28:00,2.99,3.0,2.99,2.99,1200
2024-05-28 13:29:00,3.0,3.01,2.99,3.0,85400
2024-05-28 13:30:00,3.0,3.0,3.0,3.0,43300
2024-05-28 13:31:00,3.0,3.0,3.0,3.0,4700
2024-05-28 13:32:00,3.0,3.0,3.0,3.0,28000
2024-05-28 13:33:00,3.0,3.0,3.0,3.0,5000
2024-05-28 13:35:00,2.99,3.0,2.99,3.0,300
2024-05-28 13:36:00,3.0,3.0,2.99,2.99,7400
2024-05-28 13:39:00,3.0,3.0,3.0,3.0,15200
2024-05-28 13:40:00,3.0,3.0,3.0,3.0,38900
2024-05-28 13:41:00,3.0,3.0,2.99,3.0,10800
2024-05-28 13:42:00,3.0,3.0,3.0,3.0,25900
2024-05-28 13:43:00,3.0,3.0,3.0,3.0,20200
2024-05-28 13:44:00,2.99,3.0,2.99,2.99,8000
2024-05-28 13:45:00,2.99,2.99,2.99,2.99,5200
2024-05-28 13:46:00,3.0,3.0,3.0,3.0,20100
2024-05-28 13:47:00,3.0,3.0,3.0,3.0,200
2024-05-28 13:48:00,3.0,3.01,3.0,3.01,77600
2024-05-28 13:49:00,3.0,3.01,3.0,3.0,10900
2024-05-28 13:50:00,3.01,3.01,3.0,3.0,37700
2024-05-28 13:51:00,3.0,3.0,3.0,3.0,100
2024-05-28 13:52:00,3.0,3.0,3.0,3.0,3800
2024-05-28 13:53:00,3.01,3.01,3.01,3.01,200
2024-05-28 13:54:00,3.0,3.0,3.0,3.0,53200
2024-05-28 13:55:00,3.0,3.0,3.0,3.0,22800
2024-05-28 13:57:00,3.0,3.0,2.99,2.99,26900
2024-05-28 13:58:00,3.0,3.0,3.0,3.0,1900
2024-05-28 13:59:00,3.0,3.0,2.99,2.99,9200
2024-05-28 14:00:00,3.0,3.0,3.0,3.0,100
2024-05-28 14:01:00,3.0,3.0,3.0,3.0,1500
2024-05-28 14:02:00,3.0,3.0,2.99,2.99,1800
2024-05-28 14:03:00,2.99,2.99,2.99,2.99,300
2024-05-28 14:05:00,2.99,3.0,2.99,3.0,11600
2024-05-28 14:06:00,2.99,3.0,2.99,3.0,10300
2024-05-28 14:07:00,2.99,2.99,2.99,2.99,300
2024-05-28 14:08:00,2.99,2.99,2.99,2.99,600
2024-05-28 14:09:00,3.0,3.0,3.0,3.0,100
2024-05-28 14:10:00,2.99,2.99,2.99,2.99,100
2024-05-28 14:11:00,2.99,3.0,2.99,3.0,200
2024-05-28 14:12:00,3.0,3.0,2.99,3.0,7600
2024-05-28 14:15:00,2.99,3.0,2.99,3.0,24500
2024-05-28 14:16:00,2.99,3.0,2.98,2.98,474900
2024-05-28 14:17:00,2.98,2.99,2.98,2.98,65200
2024-05-28 14:18:00,2.98,2.98,2.98,2.98,5300
2024-05-28 14:19:00,2.98,2.98,2.98,2.98,12700
2024-05-28 14:20:00,2.98,2.98,2.98,2.98,7900
2024-05-28 14:21:00,2.98,2.98,2.98,2.98,2600
2024-05-28 14:22:00,2.98,2.98,2.98,2.98,2700
2024-05-28 14:24:00,2.98,2.98,2.98,2.98,1800
2024-05-28 14:25:00,2.98,2.99,2.98,2.99,10200
2024-05-28 14:26:00,2.99,2.99,2.98,2.98,18900
2024-05-28 14:27:00,2.99,2.99,2.99,2.99,7200
2024-05-28 14:28:00,2.99,2.99,2.98,2.98,15300
2024-05-28 14:29:00,2.99,2.99,2.99,2.99,1000
2024-05-28 14:30:00,2.98,2.99,2.98,2.98,7200
2024-05-28 14:31:00,2.99,3.0,2.98,3.0,108500
2024-05-28 14:32:00,3.0,3.0,2.99,3.0,400
2024-05-28 14:34:00,2.99,2.99,2.99,2.99,1100
2024-05-28 14:36:00,3.0,3.0,3.0,3.0,300
2024-05-28 14:37:00,3.0,3.0,3.0,3.0,100
2024-05-28 14:38:00,2.99,2.99,2.99,2.99,2200
2024-05-28 14:39:00,2.99,3.0,2.99,2.99,3000
2024-05-28 14:40:00,2.99,2.99,2.99,2.99,5100
2024-05-28 14:41:00,2.99,3.0,2.99,2.99,3800
2024-05-28 14:42:00,3.0,3.0,2.99,2.99,29900
2024-05-28 14:43:00,2.99,2.99,2.99,2.99,59000
2024-05-28 14:44:00,2.99,3.0,2.99,2.99,21400
2024-05-28 14:45:00,2.99,3.0,2.99,2.99,16200
2024-05-28 14:46:00,2.99,3.0,2.99,3.0,17200
2024-05-28 14:47:00,3.0,3.0,2.99,2.99,90100
2024-05-28 14:48:00,3.0,3.01,3.0,3.0,132500
2024-05-28 14:49:00,2.99,3.01,2.99,3.0,33800
2024-05-28 14:50:00,3.0,3.0,2.99,2.99,72600
2024-05-28 14:51:00,3.0,3.0,2.99,3.0,32000
2024-05-28 14:52:00,2.99,3.0,2.99,2.99,21300
2024-05-28 14:53:00,3.0,3.0,2.99,2.99,29800
2024-05-28 14:54:00,2.99,3.0,2.99,3.0,19800
2024-05-28 14:55:00,3.0,3.0,2.99,2.99,19300
2024-05-28 14:56:00,3.0,3.0,2.99,2.99,51500
2024-05-28 14:57:00,3.0,3.0,2.99,2.99,10800
2024-05-28 15:00:00,2.99,2.99,2.99,2.99,36800
2024-05-29 09:31:00,2.99,2.99,2.96,2.96,218200
2024-05-29 09:32:00,2.97,3.0,2.97,2.99,213800
2024-05-29 09:33:00,2.98,3.01,2.98,3.0,94300
2024-05-29 09:34:00,3.01,3.02,3.0,3.01,136900
2024-05-29 09:35:00,3.02,3.02,3.0,3.01,65600
2024-05-29 09:36:00,3.01,3.02,3.01,3.01,38300
2024-05-29 09:37:00,3.01,3.02,3.0,3.02,74800
2024-05-29 09:38:00,3.01,3.02,3.01,3.01,39600
2024-05-29 09:39:00,3.02,3.02,3.01,3.01,65000
2024-05-29 09:40:00,3.01,3.02,3.01,3.01,3100
2024-05-29 09:41:00,3.02,3.02,3.0,3.0,31300
2024-05-29 09:42:00,3.01,3.01,3.0,3.0,20800
2024-05-29 09:43:00,3.0,3.0,3.0,3.0,1000
2024-05-29 09:44:00,3.0,3.01,3.0,3.01,900
2024-05-29 09:45:00,3.0,3.01,3.0,3.0,11100
2024-05-29 09:46:00,3.0,3.01,3.0,3.0,85900
2024-05-29 09:47:00,3.0,3.01,3.0,3.0,167600
2024-05-29 09:48:00,3.01,3.01,3.01,3.01,42600
2024-05-29 09:49:00,3.01,3.02,3.01,3.01,7600
2024-05-29 09:50:00,3.01,3.01,3.0,3.01,47600
2024-05-29 09:51:00,3.0,3.01,3.0,3.0,2900
2024-05-29 09:52:00,3.0,3.0,3.0,3.0,20500
2024-05-29 09:53:00,3.0,3.0,3.0,3.0,8700
2024-05-29 09:54:00,3.0,3.01,3.0,3.0,77100
2024-05-29 09:55:00,3.0,3.0,3.0,3.0,13500
2024-05-29 09:56:00,3.0,3.0,3.0,3.0,600
2024-05-29 09:57:00,3.0,3.01,3.0,3.01,900
2024-05-29 09:58:00,3.01,3.01,3.01,3.01,100
2024-05-29 09:59:00,3.0,3.01,3.0,3.0,78700
2024-05-29 10:00:00,3.01,3.01,3.0,3.01,97400
2024-05-29 10:01:00,3.02,3.02,3.02,3.02,3400
2024-05-29 10:02:00,3.01,3.01,3.01,3.01,400
2024-05-29 10:03:00,3.01,3.02,3.01,3.02,2200
2024-05-29 10:04:00,3.02,3.02,3.02,3.02,5000
2024-05-29 10:06:00,3.01,3.01,3.01,3.01,16300
2024-05-29 10:07:00,3.02,3.02,3.01,3.02,140800
2024-05-29 10:08:00,3.02,3.02,3.02,3.02,9300
2024-05-29 10:09:00,3.01,3.01,3.01,3.01,26000
2024-05-29 10:10:00,3.02,3.02,3.01,3.02,800
2024-05-29 10:11:00,3.01,3.01,3.01,3.01,1200
2024-05-29 10:12:00,3.01,3.02,3.01,3.02,7900
2024-05-29 10:13:00,3.01,3.01,3.01,3.01,700
2024-05-29 10:14:00,3.01,3.01,3.01,3.01,7400
2024-05-29 10:15:00,3.01,3.01,3.01,3.01,3000
2024-05-29 10:16:00,3.02,3.02,3.01,3.01,7300
2024-05-29 10:17:00,3.01,3.01,3.01,3.01,300
2024-05-29 10:19:00,3.01,3.02,3.01,3.01,2200
2024-05-29 10:20:00,3.01,3.01,3.01,3.01,9300
2024-05-29 10:22:00,3.01,3.02,3.01,3.01,11000
2024-05-29 10:23:00,3.01,3.02,3.01,3.01,170300
2024-05-29 10:24:00,3.02,3.02,3.02,3.02,12600
2024-05-29 10:25:00,3.03,3.03,3.03,3.03,100
2024-05-29 10:26:00,3.03,3.03,3.03,3.03,400
2024-05-29 10:27:00,3.02,3.03,3.02,3.02,24300
2024-05-29 10:28:00,3.03,3.03,3.03,3.03,100
2024-05-29 10:29:00,3.03,3.03,3.02,3.02,85800
2024-05-29 10:30:00,3.03,3.03,3.03,3.03,7500
2024-05-29 10:31:00,3.02,3.02,3.02,3.02,39200
2024-05-29 10:32:00,3.02,3.02,3.01,3.02,55200
2024-05-29 10:33:00,3.02,3.02,3.02,3.02,600
2024-05-29 10:35:00,3.02,3.02,3.02,3.02,20200
2024-05-29 10:36:00,3.02,3.02,3.02,3.02,12500
2024-05-29 10:37:00,3.02,3.02,3.02,3.02,45900
2024-05-29 10:38:00,3.03,3.03,3.02,3.03,1600
2024-05-29 10:39:00,3.02,3.03,3.02,3.03,8200
2024-05-29 10:40:00,3.03,3.03,3.02,3.02,9800
2024-05-29 10:41:00,3.02,3.02,3.02,3.02,62800
2024-05-29 10:42:00,3.01,3.01,3.01,3.01,2900
2024-05-29 10:43:00,3.01,3.01,3.01,3.01,4600
2024-05-29 10:44:00,3.01,3.01,3.01,3.01,6000
2024-05-29 10:45:00,3.01,3.02,3.01,3.01,39700
2024-05-29 10:46:00,3.01,3.02,3.01,3.02,600
2024-05-29 10:47:00,3.02,3.02,3.01,3.01,182800
2024-05-29 10:48:00,3.01,3.01,3.01,3.01,6800
2024-05-29 10:49:00,3.0,3.0,3.0,3.0,2000
2024-05-29 10:51:00,3.0,3.0,3.0,3.0,1400
2024-05-29 10:52:00,3.0,3.0,3.0,3.0,21200
2024-05-29 10:53:00,3.0,3.0,3.0,3.0,100
2024-05-29 10:54:00,3.01,3.01,3.01,3.01,200
2024-05-29 10:55:00,3.0,3.0,3.0,3.0,13500
2024-05-29 10:56:00,3.0,3.0,3.0,3.0,3800
2024-05-29 10:57:00,3.0,3.01,3.0,3.0,1100
2024-05-29 10:58:00,3.0,3.0,3.0,3.0,1200
2024-05-29 10:59:00,3.0,3.0,3.0,3.0,200
2024-05-29 11:00:00,3.01,3.01,3.0,3.0,34700
2024-05-29 11:01:00,3.0,3.01,3.0,3.01,300
2024-05-29 11:02:00,3.0,3.0,3.0,3.0,400
2024-05-29 11:03:00,3.01,3.01,3.01,3.01,1000
2024-05-29 11:04:00,3.0,3.0,3.0,3.0,400
2024-05-29 11:05:00,3.0,3.0,3.0,3.0,400
2024-05-29 11:07:00,3.0,3.02,3.0,3.02,131900
2024-05-29 11:08:00,3.01,3.01,3.01,3.01,1300
2024-05-29 11:09:00,3.01,3.01,3.01,3.01,28900
2024-05-29 11:10:00,3.01,3.01,3.01,3.01,12800
2024-05-29 11:11:00,3.01,3.01,3.01,3.01,100
2024-05-29 11:12:00,3.01,3.01,3.01,3.01,11500
2024-05-29 11:13:00,3.01,3.01,3.01,3.01,38900
2024-05-29 11:15:00,3.0,3.01,3.0,3.0,1800
2024-05-29 11:16:00,3.01,3.01,3.01,3.01,200
2024-05-29 11:17:00,3.01,3.01,3.01,3.01,300
2024-05-29 11:21:00,3.0,3.0,3.0,3.0,300
2024-05-29 11:23:00,3.01,3.01,3.01,3.01,400
2024-05-29 11:24:00,3.01,3.01,3.01,3.01,2500
2024-05-29 11:25:00,3.0,3.0,3.0,3.0,16800
2024-05-29 11:26:00,3.01,3.01,3.01,3.01,100
2024-05-29 11:27:00,3.01,3.01,3.0,3.01,5200
2024-05-29 11:28:00,3.01,3.01,3.01,3.01,10000
2024-05-29 11:29:00,3.0,3.01,3.0,3.01,3500
2024-05-29 11:30:00,3.0,3.01,3.0,3.01,5100
2024-05-29 13:01:00,3.01,3.01,3.0,3.0,6500
2024-05-29 13:02:00,3.0,3.0,3.0,3.0,19100
2024-05-29 13:04:00,3.0,3.01,3.0,3.0,20300
2024-05-29 13:05:00,3.0,3.0,3.0,3.0,3000
2024-05-29 13:06:00,3.0,3.01,3.0,3.0,1600
2024-05-29 13:07:00,3.0,3.0,3.0,3.0,500
2024-05-29 13:08:00,3.0,3.0,3.0,3.0,1200
2024-05-29 13:09:00,3.01,3.01,3.0,3.01,1100
2024-05-29 13:10:00,3.0,3.01,3.0,3.0,2500
2024-05-29 13:11:00,3.0,3.01,3.0,3.01,6500
2024-05-29 13:12:00,3.0,3.01,3.0,3.01,1900
2024-05-29 13:13:00,3.0,3.0,3.0,3.0,700
2024-05-29 13:14:00,3.0,3.01,3.0,3.01,5300
2024-05-29 13:15:00,3.0,3.01,3.0,3.0,6600
2024-05-29 13:16:00,3.0,3.0,3.0,3.0,900
2024-05-29 13:17:00,3.0,3.0,3.0,3.0,1300
2024-05-29 13:18:00,3.0,3.01,3.0,3.0,2900
2024-05-29 13:19:00,3.0,3.0,3.0,3.0,1000
2024-05-29 13:20:00,3.01,3.01,3.0,3.0,15600
2024-05-29 13:21:00,3.0,3.0,3.0,3.0,1200
2024-05-29 13:22:00,3.0,3.01,3.0,3.0,1800
2024-05-29 13:23:00,3.0,3.0,3.0,3.0,800
2024-05-29 13:24:00,3.0,3.0,3.0,3.0,400
2024-05-29 13:25:00,3.0,3.0,3.0,3.0,1600
2024-05-29 13:26:00,3.01,3.01,3.0,3.0,400
2024-05-29 13:27:00,3.0,3.0,3.0,3.0,2600
2024-05-29 13:28:00,3.0,3.01,3.0,3.01,4700
2024-05-29 13:29:00,3.0,3.0,3.0,3.0,1900
2024-05-29 13:30:00,3.01,3.01,3.0,3.0,4500
2024-05-29 13:31:00,3.0,3.01,3.0,3.01,6200
2024-05-29 13:33:00,3.0,3.0,3.0,3.0,600
2024-05-29 13:34:00,3.01,3.01,3.0,3.0,200
2024-05-29 13:35:00,3.0,3.0,3.0,3.0,2800
2024-05-29 13:37:00,3.01,3.01,3.0,3.0,1100
2024-05-29 13:38:00,3.0,3.0,3.0,3.0,200
2024-05-29 13:39:00,3.0,3.0,3.0,3.0,600
2024-05-29 13:40:00,3.0,3.0,3.0,3.0,300
2024-05-29 13:41:00,3.0,3.0,3.0,3.0,1600
2024-05-29 13:42:00,3.0,3.0,3.0,3.0,130100
2024-05-29 13:43:00,3.0,3.0,3.0,3.0,51200
2024-05-29 13:44:00,3.0,3.0,3.0,3.0,31700
2024-05-29 13:45:00,2.99,3.0,2.99,2.99,51213
2024-05-29 13:46:00,3.0,3.0,2.99,2.99,700
2024-05-29 13:48:00,3.0,3.0,2.99,3.0,28300
2024-05-29 13:49:00,3.0,3.0,3.0,3.0,200
2024-05-29 13:50:00,3.0,3.01,3.0,3.0,11000
2024-05-29 13:51:00,3.0,3.0,3.0,3.0,100
2024-05-29 13:52:00,3.0,3.0,3.0,3.0,700
2024-05-29 13:54:00,3.0,3.0,3.0,3.0,600
2024-05-29 13:56:00,3.0,3.0,3.0,3.0,19400
2024-05-29 13:57:00,3.01,3.01,2.99,3.0,3300
2024-05-29 13:58:00,3.0,3.0,3.0,3.0,1400
2024-05-29 13:59:00,3.01,3.01,3.01,3.01,2700
2024-05-29 14:00:00,3.0,3.0,2.99,2.99,30200
2024-05-29 14:01:00,3.0,3.0,2.99,2.99,500
2024-05-29 14:02:00,2.99,2.99,2.99,2.99,21000
2024-05-29 14:03:00,2.99,2.99,2.99,2.99,1600
2024-05-29 14:04:00,3.0,3.0,3.0,3.0,600
2024-05-29 14:06:00,3.0,3.0,3.0,3.0,100
2024-05-29 14:10:00,2.99,2.99,2.99,2.99,1600
2024-05-29 14:11:00,2.99,2.99,2.99,2.99,10500
2024-05-29 14:12:00,2.99,2.99,2.99,2.99,60300
2024-05-29 14:13:00,3.0,3.0,2.99,2.99,4200
2024-05-29 14:14:00,3.0,3.0,3.0,3.0,500
2024-05-29 14:15:00,3.0,3.0,2.99,2.99,5100
2024-05-29 14:16:00,2.99,3.0,2.99,3.0,1200
2024-05-29 14:17:00,2.99,2.99,2.99,2.99,100
2024-05-29 14:18:00,2.99,2.99,2.99,2.99,109287
2024-05-29 14:19:00,2.98,2.99,2.98,2.99,1800
2024-05-29 14:20:00,2.98,2.99,2.98,2.99,2600
2024-05-29 14:21:00,2.99,2.99,2.99,2.99,35400
2024-05-29 14:22:00,2.99,2.99,2.99,2.99,1400
2024-05-29 14:23:00,3.0,3.0,2.99,2.99,300
2024-05-29 14:26:00,3.0,3.0,2.99,2.99,17300
2024-05-29 14:27:00,2.99,2.99,2.99,2.99,10000
2024-05-29 14:29:00,3.0,3.0,2.99,2.99,1700
2024-05-29 14:30:00,3.0,3.0,3.0,3.0,5100
2024-05-29 14:31:00,3.0,3.0,3.0,3.0,122800
2024-05-29 14:32:00,3.0,3.01,3.0,3.0,11200
2024-05-29 14:33:00,3.0,3.0,3.0,3.0,500
2024-05-29 14:34:00,3.0,3.0,3.0,3.0,2400
2024-05-29 14:35:00,3.0,3.0,3.0,3.0,21600
2024-05-29 14:36:00,3.0,3.0,3.0,3.0,1000
2024-05-29 14:37:00,3.0,3.0,3.0,3.0,100
2024-05-29 14:38:00,3.0,3.0,3.0,3.0,5400
2024-05-29 14:39:00,3.0,3.0,3.0,3.0,2800
2024-05-29 14:40:00,3.0,3.01,3.0,3.01,22700
2024-05-29 14:41:00,3.01,3.01,3.0,3.0,21900
2024-05-29 14:42:00,3.0,3.0,3.0,3.0,2300
2024-05-29 14:43:00,2.99,3.0,2.99,2.99,17400
2024-05-29 14:44:00,3.0,3.0,3.0,3.0,1200
2024-05-29 14:45:00,3.0,3.01,2.99,3.01,126800
2024-05-29 14:46:00,3.01,3.01,3.0,3.01,18200
2024-05-29 14:47:00,3.0,3.01,3.0,3.01,11900
2024-05-29 14:48:00,3.01,3.01,3.0,3.0,2300
2024-05-29 14:49:00,3.01,3.01,3.01,3.01,24900
2024-05-29 14:50:00,3.01,3.01,3.01,3.01,61300
2024-05-29 14:51:00,3.01,3.01,3.0,3.0,103600
2024-05-29 14:52:00,3.01,3.02,3.0,3.01,37100
2024-05-29 14:53:00,3.01,3.01,3.01,3.01,100000
2024-05-29 14:54:00,3.02,3.02,3.0,3.01,3200
2024-05-29 14:55:00,3.01,3.01,3.0,3.0,6900
2024-05-29 14:56:00,3.01,3.01,3.0,3.01,12600
2024-05-29 14:57:00,3.0,3.01,3.0,3.01,80100
2024-05-29 15:00:00,3.0,3.0,3.0,3.0,224500
2024-05-30 09:31:00,3.01,3.01,2.97,2.98,48000
2024-05-30 09:32:00,2.98,2.98,2.97,2.97,35600
2024-05-30 09:33:00,2.98,2.98,2.97,2.98,28100
2024-05-30 09:34:00,2.98,2.98,2.97,2.98,21200
2024-05-30 09:35:00,2.97,2.99,2.97,2.99,47200
2024-05-30 09:36:00,2.99,2.99,2.98,2.99,27400
2024-05-30 09:37:00,2.99,2.99,2.98,2.98,4300
2024-05-30 09:38:00,2.99,2.99,2.99,2.99,1300
2024-05-30 09:39:00,2.99,2.99,2.98,2.99,4500
2024-05-30 09:40:00,2.99,3.0,2.99,3.0,19900
2024-05-30 09:41:00,3.0,3.0,2.99,3.0,1300
2024-05-30 09:42:00,3.0,3.0,2.99,2.99,33200
2024-05-30 09:43:00,2.99,2.99,2.98,2.98,6300
2024-05-30 09:44:00,2.99,2.99,2.97,2.97,19000
2024-05-30 09:45:00,2.98,2.98,2.97,2.97,4400
2024-05-30 09:46:00,2.98,2.98,2.97,2.98,4300
2024-05-30 09:47:00,2.98,2.98,2.98,2.98,3200
2024-05-30 09:48:00,2.98,2.99,2.98,2.98,23300
2024-05-30 09:49:00,2.98,2.99,2.98,2.99,65000
2024-05-30 09:50:00,2.99,3.0,2.99,2.99,62300
2024-05-30 09:51:00,2.99,3.0,2.99,3.0,29000
2024-05-30 09:52:00,3.0,3.0,3.0,3.0,32700
2024-05-30 09:53:00,3.0,3.0,2.99,3.0,12200
2024-05-30 09:54:00,2.99,3.0,2.99,2.99,7000
2024-05-30 09:55:00,3.0,3.0,2.99,2.99,36700
2024-05-30 09:56:00,2.99,3.0,2.99,2.99,18300
2024-05-30 09:57:00,2.99,2.99,2.99,2.99,31000
2024-05-30 09:58:00,2.98,2.98,2.98,2.98,200
2024-05-30 09:59:00,2.98,2.98,2.98,2.98,300
2024-05-30 10:00:00,2.99,2.99,2.98,2.99,10200
2024-05-30 10:01:00,2.98,2.99,2.98,2.98,9500
2024-05-30 10:03:00,2.98,3.0,2.98,2.99,57600
2024-05-30 10:04:00,2.99,2.99,2.98,2.98,83900
2024-05-30 10:05:00,2.98,2.99,2.98,2.98,146300
2024-05-30 10:06:00,2.99,2.99,2.99,2.99,100
2024-05-30 10:08:00,2.98,2.98,2.98,2.98,10000
2024-05-30 10:09:00,2.98,2.98,2.98,2.98,4300
2024-05-30 10:10:00,2.98,2.98,2.98,2.98,22300
2024-05-30 10:11:00,2.98,2.98,2.97,2.98,35500
2024-05-30 10:12:00,2.98,2.98,2.98,2.98,11800
2024-05-30 10:13:00,2.99,2.99,2.98,2.98,8000
2024-05-30 10:14:00,2.98,2.98,2.98,2.98,32300
2024-05-30 10:15:00,2.98,2.98,2.97,2.97,152900
2024-05-30 10:16:00,2.97,2.97,2.96,2.96,74200
2024-05-30 10:17:00,2.97,2.97,2.97,2.97,51600
2024-05-30 10:18:00,2.97,2.97,2.97,2.97,4500
2024-05-30 10:19:00,2.97,2.98,2.97,2.98,111900
2024-05-30 10:20:00,2.97,2.97,2.97,2.97,200
2024-05-30 10:21:00,2.98,2.98,2.98,2.98,2600
2024-05-30 10:22:00,2.97,2.97,2.97,2.97,200
2024-05-30 10:23:00,2.97,2.97,2.97,2.97,1300
2024-05-30 10:24:00,2.97,2.98,2.97,2.97,4700
2024-05-30 10:25:00,2.97,2.97,2.97,2.97,46800
2024-05-30 10:26:00,2.97,2.97,2.97,2.97,58100
2024-05-30 10:27:00,2.97,2.97,2.97,2.97,33400
2024-05-30 10:28:00,2.97,2.97,2.97,2.97,100
2024-05-30 10:29:00,2.98,2.98,2.97,2.97,300
2024-05-30 10:30:00,2.97,2.98,2.97,2.98,94500
2024-05-30 10:31:00,2.97,2.98,2.97,2.98,55000
2024-05-30 10:32:00,2.98,2.98,2.97,2.98,13000
2024-05-30 10:33:00,2.98,2.98,2.98,2.98,100
2024-05-30 10:35:00,2.97,2.97,2.97,2.97,500
2024-05-30 10:36:00,2.97,2.98,2.97,2.97,59100
2024-05-30 10:37:00,2.97,2.98,2.97,2.98,15500
2024-05-30 10:38:00,2.97,2.97,2.97,2.97,2400
2024-05-30 10:40:00,2.97,2.97,2.97,2.97,5300
2024-05-30 10:41:00,2.97,2.97,2.97,2.97,14100
2024-05-30 10:42:00,2.97,2.97,2.97,2.97,7200
2024-05-30 10:43:00,2.97,2.97,2.97,2.97,5200
2024-05-30 10:44:00,2.97,2.97,2.97,2.97,10200
2024-05-30 10:45:00,2.97,2.98,2.97,2.98,800
2024-05-30 10:47:00,2.97,2.97,2.97,2.97,200
2024-05-30 10:48:00,2.97,2.97,2.97,2.97,200
2024-05-30 10:49:00,2.97,2.97,2.97,2.97,100
2024-05-30 10:50:00,2.97,2.97,2.97,2.97,13000
2024-05-30 10:51:00,2.97,2.97,2.97,2.97,63900
2024-05-30 10:52:00,2.97,2.98,2.97,2.97,7500
2024-05-30 10:53:00,2.97,2.97,2.97,2.97,8400
2024-05-30 10:54:00,2.97,2.97,2.97,2.97,2300
2024-05-30 10:55:00,2.97,2.97,2.97,2.97,100
2024-05-30 10:56:00,2.97,2.97,2.97,2.97,12100
2024-05-30 10:57:00,2.98,2.98,2.97,2.97,3100
2024-05-30 10:58:00,2.97,2.97,2.97,2.97,8300
2024-05-30 10:59:00,2.97,2.97,2.97,2.97,1200
2024-05-30 11:00:00,2.97,2.97,2.97,2.97,200
2024-05-30 11:01:00,2.97,2.97,2.97,2.97,200
2024-05-30 11:02:00,2.97,2.97,2.97,2.97,200
2024-05-30 11:03:00,2.97,2.97,2.97,2.97,600
2024-05-30 11:05:00,2.97,2.97,2.97,2.97,200
2024-05-30 11:06:00,2.97,2.98,2.97,2.98,3300
2024-05-30 11:07:00,2.97,2.98,2.97,2.98,5300
2024-05-30 11:08:00,2.98,2.98,2.97,2.97,300
2024-05-30 11:09:00,2.98,2.98,2.97,2.98,500
2024-05-30 11:11:00,2.97,2.97,2.97,2.97,200
2024-05-30 11:12:00,2.97,2.97,2.97,2.97,400
2024-05-30 11:13:00,2.97,2.98,2.97,2.97,1400
2024-05-30 11:14:00,2.98,2.98,2.97,2.97,300
2024-05-30 11:15:00,2.97,2.97,2.97,2.97,200
2024-05-30 11:17:00,2.98,2.98,2.97,2.97,8300
2024-05-30 11:18:00,2.98,2.98,2.97,2.97,12300
2024-05-30 11:19:00,2.97,2.97,2.97,2.97,200
2024-05-30 11:20:00,2.98,2.98,2.97,2.97,11800
2024-05-30 11:21:00,2.97,2.97,2.97,2.97,200
2024-05-30 11:22:00,2.97,2.97,2.97,2.97,9200
2024-05-30 11:23:00,2.97,2.97,2.97,2.97,200
2024-05-30 11:24:00,2.97,2.98,2.97,2.97,3700
2024-05-30 11:25:00,2.98,2.98,2.97,2.97,2000
2024-05-30 11:26:00,2.97,2.97,2.97,2.97,17500
2024-05-30 11:27:00,2.97,2.97,2.97,2.97,500
2024-05-30 11:28:00,2.97,2.97,2.97,2.97,19700
2024-05-30 11:29:00,2.97,2.97,2.97,2.97,200
2024-05-30 11:30:00,2.97,2.98,2.97,2.98,3700
2024-05-30 13:01:00,2.98,2.98,2.97,2.97,6400
2024-05-30 13:02:00,2.97,2.97,2.97,2.97,125100
2024-05-30 13:03:00,2.97,2.97,2.96,2.96,300
2024-05-30 13:05:00,2.97,2.97,2.96,2.96,500
2024-05-30 13:06:00,2.97,2.97,2.97,2.97,300
2024-05-30 13:07:00,2.96,2.96,2.96,2.96,1100
2024-05-30 13:08:00,2.96,2.96,2.96,2.96,400
2024-05-30 13:09:00,2.96,2.96,2.96,2.96,3000
2024-05-30 13:10:00,2.96,2.97,2.96,2.96,16200
2024-05-30 13:11:00,2.96,2.97,2.96,2.97,29500
2024-05-30 13:12:00,2.96,2.96,2.96,2.96,1300
2024-05-30 13:13:00,2.96,2.96,2.96,2.96,100
2024-05-30 13:14:00,2.96,2.97,2.96,2.97,12200
2024-05-30 13:15:00,2.96,2.97,2.96,2.97,4900
2024-05-30 13:19:00,2.96,2.96,2.96,2.96,3400
2024-05-30 13:20:00,2.96,2.96,2.96,2.96,16500
2024-05-30 13:21:00,2.96,2.96,2.96,2.96,57900
2024-05-30 13:22:00,2.96,2.96,2.96,2.96,1100
2024-05-30 13:23:00,2.96,2.96,2.96,2.96,100
2024-05-30 13:24:00,2.96,2.96,2.96,2.96,300
2024-05-30 13:25:00,2.96,2.97,2.96,2.96,4600
2024-05-30 13:26:00,2.96,2.96,2.96,2.96,100
2024-05-30 13:27:00,2.96,2.96,2.96,2.96,200
2024-05-30 13:28:00,2.97,2.97,2.97,2.97,52200
2024-05-30 13:29:00,2.98,2.98,2.96,2.97,69500
2024-05-30 13:30:00,2.97,2.97,2.96,2.96,1100
2024-05-30 13:32:00,2.97,2.97,2.96,2.97,2700
2024-05-30 13:33:00,2.97,2.98,2.97,2.97,24800
2024-05-30 13:34:00,2.98,2.98,2.98,2.98,1500
2024-05-30 13:39:00,2.98,2.98,2.97,2.97,600
2024-05-30 13:41:00,2.98,2.98,2.98,2.98,2900
2024-05-30 13:42:00,2.98,2.98,2.98,2.98,20400
2024-05-30 13:43:00,2.98,2.99,2.98,2.99,43100
2024-05-30 13:44:00,2.99,2.99,2.99,2.99,9200
2024-05-30 13:45:00,2.99,2.99,2.99,2.99,1500
2024-05-30 13:46:00,2.98,2.98,2.97,2.98,41700
2024-05-30 13:47:00,2.98,2.98,2.98,2.98,1600
2024-05-30 13:48:00,2.98,2.98,2.97,2.97,1700
2024-05-30 13:49:00,2.98,2.98,2.97,2.98,22800
2024-05-30 13:50:00,2.98,2.98,2.98,2.98,3000
2024-05-30 13:51:00,2.98,2.98,2.97,2.97,23400
2024-05-30 13:52:00,2.97,2.98,2.97,2.97,500
2024-05-30 13:53:00,2.97,2.97,2.97,2.97,900
2024-05-30 13:57:00,2.97,2.97,2.97,2.97,6000
2024-05-30 13:58:00,2.98,2.98,2.97,2.97,500
2024-05-30 13:59:00,2.98,2.98,2.97,2.98,1700
2024-05-30 14:00:00,2.98,2.98,2.97,2.98,8000
2024-05-30 14:02:00,2.98,2.98,2.98,2.98,7300
2024-05-30 14:04:00,2.97,2.97,2.97,2.97,4000
2024-05-30 14:05:00,2.98,2.98,2.97,2.97,2000
2024-05-30 14:06:00,2.98,2.98,2.97,2.97,1100
2024-05-30 14:08:00,2.97,2.97,2.97,2.97,100
2024-05-30 14:09:00,2.97,2.98,2.97,2.97,8500
2024-05-30 14:10:00,2.97,2.98,2.97,2.97,7300
2024-05-30 14:11:00,2.97,2.97,2.97,2.97,2000
2024-05-30 14:12:00,2.97,2.98,2.97,2.98,10100
2024-05-30 14:13:00,2.97,2.97,2.97,2.97,1400
2024-05-30 14:14:00,2.97,2.98,2.97,2.98,2400
2024-05-30 14:15:00,2.98,2.98,2.97,2.97,2400
2024-05-30 14:16:00,2.97,2.97,2.97,2.97,49500
2024-05-30 14:17:00,2.97,2.97,2.97,2.97,4200
2024-05-30 14:18:00,2.97,2.97,2.97,2.97,2500
2024-05-30 14:19:00,2.97,2.97,2.97,2.97,700
2024-05-30 14:20:00,2.97,2.97,2.97,2.97,2500
2024-05-30 14:21:00,2.97,2.98,2.97,2.98,6600
2024-05-30 14:22:00,2.97,2.97,2.97,2.97,400
2024-05-30 14:23:00,2.97,2.98,2.97,2.97,900
2024-05-30 14:24:00,2.97,2.97,2.97,2.97,600
2024-05-30 14:25:00,2.97,2.97,2.97,2.97,15600
2024-05-30 14:26:00,2.97,2.97,2.96,2.96,27200
2024-05-30 14:27:00,2.96,2.97,2.96,2.97,17200
2024-05-30 14:28:00,2.96,2.97,2.96,2.97,3500
2024-05-30 14:29:00,2.97,2.97,2.97,2.97,300
2024-05-30 14:30:00,2.97,2.97,2.97,2.97,600
2024-05-30 14:31:00,2.97,2.98,2.97,2.97,1800
2024-05-30 14:32:00,2.98,2.98,2.98,2.98,400
2024-05-30 14:33:00,2.98,2.98,2.98,2.98,300
2024-05-30 14:34:00,2.98,2.98,2.98,2.98,200
2024-05-30 14:35:00,2.98,2.98,2.97,2.97,400
2024-05-30 14:36:00,2.98,2.98,2.97,2.97,1900
2024-05-30 14:37:00,2.97,2.97,2.97,2.97,2100
2024-05-30 14:38:00,2.97,2.98,2.97,2.97,42500
2024-05-30 14:39:00,2.97,2.97,2.97,2.97,900
2024-05-30 14:40:00,2.97,2.97,2.97,2.97,2100
2024-05-30 14:41:00,2.97,2.98,2.97,2.97,54100
2024-05-30 14:42:00,2.97,2.98,2.96,2.97,56700
2024-05-30 14:43:00,2.97,2.98,2.97,2.97,99100
2024-05-30 14:44:00,2.97,2.98,2.97,2.98,800
2024-05-30 14:45:00,2.97,2.97,2.97,2.97,3800
2024-05-30 14:46:00,2.97,2.98,2.97,2.97,26300
2024-05-30 14:47:00,2.97,2.97,2.97,2.97,69200
2024-05-30 14:48:00,2.97,2.98,2.97,2.98,2000
2024-05-30 14:49:00,2.97,2.98,2.97,2.97,45500
2024-05-30 14:50:00,2.97,2.98,2.97,2.97,11600
2024-05-30 14:51:00,2.97,2.98,2.97,2.97,3800
2024-05-30 14:52:00,2.98,2.98,2.97,2.98,3200
2024-05-30 14:53:00,2.98,2.98,2.97,2.97,6200
2024-05-30 14:54:00,2.98,2.98,2.97,2.97,26400
2024-05-30 14:55:00,2.97,2.98,2.97,2.97,32600
2024-05-30 14:56:00,2.97,2.97,2.96,2.96,67900
2024-05-30 14:57:00,2.97,2.97,2.96,2.97,17900
2024-05-30 15:00:00,2.98,2.98,2.98,2.98,125600
2024-05-31 09:31:00,2.96,2.98,2.96,2.97,147900
2024-05-31 09:32:00,2.96,2.98,2.96,2.97,57400
2024-05-31 09:33:00,2.97,2.99,2.97,2.98,59700
2024-05-31 09:34:00,2.98,2.98,2.97,2.98,18900
2024-05-31 09:35:00,2.98,2.98,2.98,2.98,2600
2024-05-31 09:36:00,2.99,2.99,2.98,2.98,35400
2024-05-31 09:37:00,2.98,2.99,2.98,2.98,4500
2024-05-31 09:38:00,2.98,2.99,2.98,2.99,30000
2024-05-31 09:39:00,2.98,2.99,2.98,2.98,17100
2024-05-31 09:40:00,2.98,2.99,2.98,2.98,5800
2024-05-31 09:41:00,2.98,2.99,2.98,2.98,17500
2024-05-31 09:42:00,2.98,2.99,2.98,2.99,18100
2024-05-31 09:43:00,2.98,2.99,2.98,2.99,62000
2024-05-31 09:44:00,2.98,2.99,2.98,2.99,31200
2024-05-31 09:45:00,2.98,2.98,2.98,2.98,2700
2024-05-31 09:46:00,2.98,2.99,2.98,2.99,3700
2024-05-31 09:47:00,2.99,2.99,2.99,2.99,500
2024-05-31 09:48:00,2.99,2.99,2.99,2.99,11500
2024-05-31 09:49:00,2.99,2.99,2.98,2.98,26100
2024-05-31 09:50:00,2.99,3.0,2.99,2.99,25700
2024-05-31 09:51:00,3.0,3.01,3.0,3.01,76800
2024-05-31 09:52:00,3.02,3.02,3.02,3.02,6200
2024-05-31 09:53:00,3.02,3.02,3.02,3.02,400
2024-05-31 09:54:00,3.02,3.02,3.01,3.02,7300
2024-05-31 09:55:00,3.02,3.02,3.01,3.02,16900
2024-05-31 09:56:00,3.02,3.02,3.01,3.02,12400
2024-05-31 09:57:00,3.01,3.02,3.01,3.01,5800
2024-05-31 09:58:00,3.01,3.02,3.01,3.02,47700
2024-05-31 09:59:00,3.01,3.02,3.01,3.01,900
2024-05-31 10:00:00,3.01,3.02,3.01,3.02,6200
2024-05-31 10:01:00,3.01,3.01,3.01,3.01,3900
2024-05-31 10:02:00,3.01,3.02,3.0,3.01,143700
2024-05-31 10:03:00,3.01,3.01,3.0,3.01,29200
2024-05-31 10:04:00,3.01,3.01,3.01,3.01,52500
2024-05-31 10:05:00,3.01,3.01,3.01,3.01,100
2024-05-31 10:06:00,3.01,3.02,3.01,3.02,16600
2024-05-31 10:07:00,3.02,3.03,3.02,3.03,106700
2024-05-31 10:08:00,3.03,3.03,3.03,3.03,600
2024-05-31 10:09:00,3.02,3.03,3.02,3.02,7400
2024-05-31 10:10:00,3.02,3.02,3.01,3.01,22200
2024-05-31 10:11:00,3.01,3.02,3.01,3.02,1200
2024-05-31 10:12:00,3.02,3.02,3.01,3.01,25800
2024-05-31 10:13:00,3.01,3.01,3.01,3.01,13700
2024-05-31 10:14:00,3.01,3.01,3.01,3.01,27800
2024-05-31 10:15:00,3.0,3.0,3.0,3.0,101500
2024-05-31 10:18:00,3.0,3.0,3.0,3.0,19900
2024-05-31 10:19:00,3.01,3.01,3.01,3.01,7700
2024-05-31 10:22:00,3.0,3.0,3.0,3.0,60400
2024-05-31 10:23:00,3.0,3.0,3.0,3.0,400
2024-05-31 10:24:00,3.0,3.01,3.0,3.01,12600
2024-05-31 10:25:00,3.0,3.01,3.0,3.01,2200
2024-05-31 10:26:00,3.01,3.01,3.01,3.01,100
2024-05-31 10:27:00,3.01,3.01,3.01,3.01,300
2024-05-31 10:28:00,3.01,3.01,3.0,3.01,4300
2024-05-31 10:29:00,3.0,3.01,3.0,3.01,1300
2024-05-31 10:30:00,3.0,3.0,3.0,3.0,900
2024-05-31 10:31:00,3.0,3.0,3.0,3.0,146300
2024-05-31 10:32:00,3.0,3.0,3.0,3.0,100
2024-05-31 10:33:00,3.0,3.0,2.99,2.99,56300
2024-05-31 10:35:00,2.99,2.99,2.99,2.99,25000
2024-05-31 10:36:00,2.99,2.99,2.99,2.99,36300
2024-05-31 10:37:00,2.99,2.99,2.99,2.99,16800
2024-05-31 10:40:00,2.99,2.99,2.99,2.99,100
2024-05-31 10:43:00,2.99,2.99,2.99,2.99,3900
2024-05-31 10:44:00,2.99,2.99,2.99,2.99,2200
2024-05-31 10:46:00,2.99,3.0,2.99,3.0,36500
2024-05-31 10:47:00,3.0,3.0,3.0,3.0,35600
2024-05-31 10:49:00,3.0,3.0,3.0,3.0,200
2024-05-31 10:51:00,2.99,2.99,2.99,2.99,500
2024-05-31 10:53:00,2.99,2.99,2.99,2.99,700
2024-05-31 10:54:00,2.99,3.0,2.99,3.0,14700
2024-05-31 10:56:00,3.0,3.0,3.0,3.0,7900
2024-05-31 10:57:00,3.0,3.0,3.0,3.0,3500
2024-05-31 10:58:00,3.0,3.0,2.99,2.99,11000
2024-05-31 10:59:00,2.99,2.99,2.99,2.99,1100
2024-05-31 11:00:00,3.0,3.0,2.99,3.0,4400
2024-05-31 11:01:00,3.0,3.0,3.0,3.0,2800
2024-05-31 11:02:00,3.0,3.0,3.0,3.0,500
2024-05-31 11:03:00,2.99,2.99,2.99,2.99,10700
2024-05-31 11:04:00,2.99,3.0,2.99,2.99,37400
2024-05-31 11:05:00,2.99,2.99,2.99,2.99,900
2024-05-31 11:06:00,2.99,2.99,2.99,2.99,3500
2024-05-31 11:07:00,2.99,3.0,2.99,3.0,1900
2024-05-31 11:09:00,2.99,2.99,2.99,2.99,300
2024-05-31 11:11:00,2.99,3.0,2.99,3.0,200
2024-05-31 11:12:00,3.0,3.0,3.0,3.0,200
2024-05-31 11:14:00,2.99,2.99,2.99,2.99,100
2024-05-31 11:15:00,2.99,2.99,2.99,2.99,13000
2024-05-31 11:16:00,2.99,2.99,2.99,2.99,10100
2024-05-31 11:20:00,2.99,2.99,2.99,2.99,9400
2024-05-31 11:21:00,2.99,2.99,2.99,2.99,300
2024-05-31 11:22:00,2.99,2.99,2.98,2.99,6300
2024-05-31 11:25:00,2.99,2.99,2.99,2.99,1300
2024-05-31 11:28:00,2.99,2.99,2.99,2.99,200
2024-05-31 11:30:00,2.99,2.99,2.98,2.98,300
2024-05-31 13:01:00,2.99,2.99,2.98,2.99,43410
2024-05-31 13:02:00,2.99,2.99,2.99,2.99,1600
2024-05-31 13:05:00,2.99,2.99,2.98,2.98,89300
2024-05-31 13:06:00,2.98,2.99,2.98,2.98,4800
2024-05-31 13:07:00,2.98,2.98,2.98,2.98,2300
2024-05-31 13:08:00,2.99,2.99,2.98,2.98,400
2024-05-31 13:09:00,2.99,2.99,2.98,2.98,13300
2024-05-31 13:10:00,2.98,2.98,2.98,2.98,400
2024-05-31 13:11:00,2.98,2.98,2.98,2.98,7800
2024-05-31 13:13:00,2.98,2.98,2.98,2.98,1200
2024-05-31 13:14:00,2.98,2.99,2.98,2.98,12200
2024-05-31 13:15:00,2.98,2.99,2.98,2.98,43500
2024-05-31 13:16:00,2.98,2.98,2.98,2.98,8100
2024-05-31 13:17:00,2.98,2.98,2.98,2.98,4000
2024-05-31 13:18:00,2.98,2.98,2.97,2.98,6700
2024-05-31 13:20:00,2.97,2.97,2.97,2.97,200
2024-05-31 13:21:00,2.97,2.98,2.97,2.98,1600
2024-05-31 13:22:00,2.98,2.98,2.98,2.98,6000
2024-05-31 13:23:00,2.98,2.98,2.98,2.98,100
2024-05-31 13:24:00,2.98,2.98,2.98,2.98,200
2024-05-31 13:25:00,2.97,2.98,2.97,2.98,400
2024-05-31 13:26:00,2.98,2.98,2.98,2.98,100
2024-05-31 13:27:00,2.98,2.98,2.98,2.98,200
2024-05-31 13:28:00,2.98,2.98,2.98,2.98,100
2024-05-31 13:29:00,2.98,2.98,2.98,2.98,700
2024-05-31 13:30:00,2.98,2.98,2.97,2.98,7600
2024-05-31 13:31:00,2.98,2.98,2.97,2.98,4500
2024-05-31 13:32:00,2.97,2.98,2.97,2.98,55900
2024-05-31 13:33:00,2.98,2.99,2.97,2.97,24500
2024-05-31 13:34:00,2.98,2.98,2.98,2.98,5500
2024-05-31 13:37:00,2.99,2.99,2.99,2.99,600
2024-05-31 13:38:00,2.98,2.98,2.98,2.98,100
2024-05-31 13:40:00,2.98,2.98,2.98,2.98,100
2024-05-31 13:42:00,2.98,2.99,2.98,2.98,56600
2024-05-31 13:43:00,2.98,2.99,2.98,2.99,13800
2024-05-31 13:44:00,2.98,2.99,2.98,2.99,7100
2024-05-31 13:45:00,2.99,2.99,2.99,2.99,17400
2024-05-31 13:46:00,2.98,2.99,2.98,2.99,28500
2024-05-31 13:47:00,2.98,2.98,2.98,2.98,100
2024-05-31 13:48:00,2.99,2.99,2.99,2.99,12000
2024-05-31 13:49:00,2.98,2.98,2.98,2.98,600
2024-05-31 13:50:00,2.99,2.99,2.98,2.99,1300
2024-05-31 13:51:00,2.98,2.99,2.98,2.99,1500
2024-05-31 13:52:00,2.98,2.98,2.98,2.98,100
2024-05-31 13:53:00,2.98,2.98,2.98,2.98,200
2024-05-31 13:55:00,2.98,2.98,2.98,2.98,200
2024-05-31 13:56:00,2.98,2.98,2.98,2.98,14100
2024-05-31 13:57:00,2.98,2.98,2.98,2.98,100
2024-05-31 13:58:00,2.98,2.99,2.98,2.99,20200
2024-05-31 13:59:00,2.98,2.98,2.98,2.98,10100
2024-05-31 14:00:00,2.98,2.99,2.98,2.98,11800
2024-05-31 14:02:00,2.98,2.98,2.98,2.98,200
2024-05-31 14:03:00,2.98,2.98,2.97,2.98,53200
2024-05-31 14:05:00,2.97,2.97,2.97,2.97,900
2024-05-31 14:06:00,2.98,2.98,2.97,2.97,2400
2024-05-31 14:07:00,2.98,2.98,2.98,2.98,17600
2024-05-31 14:09:00,2.98,2.98,2.97,2.97,21300
2024-05-31 14:10:00,2.97,2.97,2.97,2.97,1900
2024-05-31 14:12:00,2.97,2.98,2.97,2.97,12500
2024-05-31 14:13:00,2.97,2.98,2.97,2.98,84300
2024-05-31 14:14:00,2.98,2.98,2.97,2.97,21900
2024-05-31 14:15:00,2.98,2.98,2.97,2.98,7000
2024-05-31 14:16:00,2.98,2.99,2.98,2.98,3000
2024-05-31 14:18:00,2.98,2.98,2.98,2.98,500
2024-05-31 14:19:00,2.98,2.98,2.98,2.98,100
2024-05-31 14:21:00,2.98,2.98,2.98,2.98,5000
2024-05-31 14:22:00,2.98,2.98,2.98,2.98,11300
2024-05-31 14:23:00,2.98,2.98,2.98,2.98,33200
2024-05-31 14:24:00,2.98,2.98,2.98,2.98,20400
2024-05-31 14:25:00,2.98,2.98,2.98,2.98,2600
2024-05-31 14:28:00,2.98,2.98,2.98,2.98,4700
2024-05-31 14:29:00,2.98,2.98,2.97,2.98,5900
2024-05-31 14:30:00,2.98,2.98,2.98,2.98,900
2024-05-31 14:31:00,2.98,2.98,2.98,2.98,1300
2024-05-31 14:32:00,2.98,2.98,2.98,2.98,2200
2024-05-31 14:33:00,2.98,2.98,2.98,2.98,800
2024-05-31 14:34:00,2.98,2.99,2.98,2.99,700
2024-05-31 14:35:00,2.98,2.98,2.98,2.98,500
2024-05-31 14:36:00,2.98,2.99,2.98,2.99,900
2024-05-31 14:37:00,2.98,2.99,2.98,2.99,8000
2024-05-31 14:38:00,2.98,2.98,2.98,2.98,13400
2024-05-31 14:39:00,2.98,2.98,2.98,2.98,200
2024-05-31 14:40:00,2.98,2.99,2.97,2.98,194200
2024-05-31 14:41:00,2.98,2.99,2.98,2.99,1300
2024-05-31 14:42:00,2.99,2.99,2.98,2.98,500
2024-05-31 14:43:00,2.98,2.99,2.98,2.98,2100
2024-05-31 14:44:00,2.99,2.99,2.99,2.99,300
2024-05-31 14:45:00,2.99,2.99,2.99,2.99,300
2024-05-31 14:46:00,2.98,2.99,2.98,2.99,400
2024-05-31 14:47:00,2.99,2.99,2.98,2.98,8100
2024-05-31 14:48:00,2.98,2.99,2.98,2.99,70500
2024-05-31 14:49:00,2.98,2.99,2.98,2.99,5500
2024-05-31 14:50:00,2.99,2.99,2.99,2.99,3200
2024-05-31 14:51:00,2.99,2.99,2.99,2.99,2300
2024-05-31 14:52:00,2.98,2.99,2.98,2.98,5900
2024-05-31 14:53:00,2.99,2.99,2.98,2.99,3400
2024-05-31 14:54:00,2.98,2.99,2.98,2.99,50800
2024-05-31 14:55:00,2.99,2.99,2.98,2.99,4300
2024-05-31 14:56:00,2.99,2.99,2.98,2.98,8100
2024-05-31 14:57:00,2.99,2.99,2.98,2.98,6400
2024-05-31 15:00:00,2.98,2.98,2.98,2.98,130300
