日期,开盘,收盘,最高,最低,成交量,成交额,振幅,涨跌幅,涨跌额,换手率
2020-01-02,29.36,30.27,30.3,29.22,288344,863396928.0,3.72,4.27,1.24,3.27
2020-01-03,30.38,29.9,30.6,29.78,167163,503202240.0,2.71,-1.22,-0.37,1.9
2020-01-06,29.81,29.5,30.09,29.3,175395,521742368.0,2.64,-1.34,-0.4,1.99
2020-01-07,29.39,30.58,30.67,29.39,168411,508945056.0,4.34,3.66,1.08,1.91
2020-01-08,30.4,30.24,30.87,30.18,172473,524701680.0,2.26,-1.11,-0.34,1.96
2020-01-09,30.5,31.41,31.68,30.5,194390,607070656.0,3.9,3.87,1.17,2.2
2020-01-10,31.47,31.44,31.8,31.01,105498,329334176.0,2.52,0.1,0.03,1.2
2020-01-13,31.44,31.2,31.5,30.75,129453,401887392.0,2.39,-0.76,-0.24,1.47
2020-01-14,31.17,31.2,31.55,30.86,93345,290788624.0,2.21,0.0,0.0,1.06
2020-01-15,31.2,31.67,31.68,30.98,125002,392473120.0,2.24,1.51,0.47,1.42
2020-01-16,31.4,30.76,31.64,30.75,155592,482404768.0,2.81,-2.87,-0.91,1.76
2020-01-17,31.0,30.55,31.08,30.42,90458,277434016.0,2.15,-0.68,-0.21,1.03
2020-01-20,30.5,30.31,30.66,30.03,138211,418236544.0,2.06,-0.79,-0.24,1.57
2020-01-21,30.2,30.45,30.9,30.04,160860,491044864.0,2.84,0.46,0.14,1.82
2020-01-22,30.48,30.55,30.82,29.62,124832,375817360.0,3.94,0.33,0.1,1.42
2020-01-23,30.09,29.26,30.09,28.84,149010,438673040.0,4.09,-4.22,-1.29,1.69
2020-02-03,26.33,28.84,29.25,26.33,348477,985536960.0,9.98,-1.44,-0.42,3.95
2020-02-04,28.7,29.3,29.76,28.69,160808,471423648.0,3.71,1.6,0.46,1.82
2020-02-05,29.6,28.99,29.6,28.86,145114,421872864.0,2.53,-1.06,-0.31,1.65
2020-02-06,29.0,30.8,30.8,28.51,203134,602664112.0,7.9,6.24,1.81,2.3
2020-02-07,30.5,32.78,33.29,30.03,308969,989180544.0,10.58,6.43,1.98,3.5
2020-02-10,32.64,33.03,34.19,32.5,294346,981811424.0,5.16,0.76,0.25,3.34
2020-02-11,32.99,32.44,32.99,32.2,190733,620353936.0,2.39,-1.79,-0.59,2.16
2020-02-12,32.5,32.5,32.72,32.12,143951,466305264.0,1.85,0.18,0.06,1.63
2020-02-13,32.28,32.38,32.99,32.01,135184,437360160.0,3.02,-0.37,-0.12,1.53
2020-02-14,32.36,33.29,33.32,32.18,143055,470696256.0,3.52,2.81,0.91,1.62
2020-02-17,33.36,34.06,34.38,32.97,166362,563275568.0,4.24,2.31,0.77,1.89
2020-02-18,33.95,33.57,33.99,33.33,109707,368953392.0,1.94,-1.44,-0.49,1.24
2020-02-19,33.55,35.9,36.07,33.26,243203,857697184.0,8.37,6.94,2.33,2.76
2020-02-20,35.59,35.5,36.13,34.9,167286,591530032.0,3.43,-1.11,-0.4,1.9
2020-02-21,35.13,35.09,35.56,34.85,142206,499564544.0,2.0,-1.15,-0.41,1.61
2020-02-24,35.0,34.79,35.98,34.65,154786,543049312.0,3.79,-0.85,-0.3,1.75
2020-02-25,33.8,35.12,35.69,33.8,185169,647144080.0,5.43,0.95,0.33,2.1
2020-02-26,34.7,34.52,35.48,34.4,155290,540939024.0,3.08,-1.71,-0.6,1.76
2020-02-27,34.87,34.65,35.31,34.03,165899,573859792.0,3.71,0.38,0.13,1.88
2020-02-28,34.1,34.0,34.68,33.18,221003,748966464.0,4.33,-1.88,-0.65,2.51
2020-03-02,34.01,34.03,34.78,33.92,175099,599464160.0,2.53,0.09,0.03,1.99
2020-03-03,34.36,34.11,35.08,33.6,163867,563837904.0,4.35,0.24,0.08,1.86
2020-03-04,34.26,36.1,36.44,34.16,251858,891481056.0,6.68,5.83,1.99,2.86
2020-03-05,36.17,37.49,38.36,35.52,308704,1148172400.0,7.87,3.85,1.39,3.5
2020-03-06,37.07,37.08,38.15,36.73,230633,857480592.0,3.79,-1.09,-0.41,2.61
2020-03-09,36.9,36.29,37.33,36.02,166413,608322256.0,3.53,-2.13,-0.79,1.89
2020-03-10,36.0,36.89,37.48,35.71,182404,665704512.0,4.88,1.65,0.6,2.07
2020-03-11,37.1,36.65,37.85,36.58,150924,559371872.0,3.44,-0.65,-0.24,1.71
2020-03-12,36.08,35.68,36.25,34.97,199999,711138176.0,3.49,-2.65,-0.97,2.27
2020-03-13,33.9,35.01,35.93,33.17,175676,604662864.0,7.74,-1.88,-0.67,1.99
2020-03-16,35.22,34.6,36.79,34.0,218115,776914784.0,7.97,-1.17,-0.41,2.47
2020-03-17,35.1,34.38,35.6,33.49,234780,808700304.0,6.1,-0.64,-0.22,2.66
2020-03-18,34.66,34.52,36.59,34.33,160327,567592352.0,6.57,0.41,0.14,1.82
2020-03-19,34.7,34.0,35.1,33.2,225032,763143600.0,5.5,-1.51,-0.52,2.55
2020-03-20,34.2,34.8,35.2,33.63,175792,608744576.0,4.62,2.35,0.8,1.99
2020-03-23,34.4,34.5,35.1,33.8,125175,433450384.0,3.74,-0.86,-0.3,1.42
2020-03-24,34.95,36.69,36.69,34.93,189137,679005872.0,5.1,6.35,2.19,2.14
2020-03-25,36.99,35.98,37.0,35.42,359861,1298608640.0,4.31,-1.94,-0.71,4.08
2020-03-26,35.55,35.21,36.5,35.21,185909,663961008.0,3.59,-2.14,-0.77,2.11
2020-03-27,35.8,37.5,37.8,35.35,307849,1136746400.0,6.96,6.5,2.29,3.49
2020-03-30,36.82,37.98,38.18,36.79,220136,827768736.0,3.71,1.28,0.48,2.5
2020-03-31,37.95,39.3,39.77,37.53,252384,980872048.0,5.9,3.48,1.32,2.86
2020-04-01,39.1,38.91,40.0,38.07,179904,703504256.0,4.91,-0.99,-0.39,2.04
2020-04-02,38.76,39.4,39.59,38.46,149601,586054336.0,2.9,1.26,0.49,1.7
2020-04-03,39.42,39.87,40.38,39.06,128266,511282944.0,3.35,1.19,0.47,1.45
2020-04-07,40.12,40.99,41.98,39.9,244856,1004008480.0,5.22,2.81,1.12,2.78
2020-04-08,40.65,40.9,41.44,39.95,105684,430502640.0,3.64,-0.22,-0.09,1.2
2020-04-09,40.88,41.25,42.07,40.6,103340,427393856.0,3.59,0.86,0.35,1.17
2020-04-10,41.54,40.09,42.44,39.7,160208,655509088.0,6.64,-2.81,-1.16,1.82
2020-04-13,39.87,40.02,40.75,39.0,119865,479851104.0,4.37,-0.17,-0.07,1.36
2020-04-14,40.43,40.4,40.75,39.69,117483,472875376.0,2.65,0.95,0.38,1.33
2020-04-15,40.4,40.1,41.17,39.6,123286,496219776.0,3.89,-0.74,-0.3,1.4
2020-04-16,39.62,40.22,40.56,39.54,87535,351040720.0,2.54,0.3,0.12,0.99
2020-04-17,40.3,39.9,40.8,39.7,118539,474377952.0,2.73,-0.8,-0.32,1.34
2020-04-20,39.91,40.25,40.29,39.55,95236,380998800.0,1.85,0.88,0.35,1.08
2020-04-21,40.2,40.57,40.87,39.76,111480,449382816.0,2.76,0.8,0.32,1.26
2020-04-22,40.29,42.2,42.3,40.0,180021,750099232.0,5.67,4.02,1.63,2.04
2020-04-23,42.0,41.56,42.35,41.3,111008,464148656.0,2.49,-1.52,-0.64,1.26
2020-04-24,41.41,41.88,42.4,41.03,93121,389217520.0,3.3,0.77,0.32,1.06
2020-04-27,42.03,43.28,43.43,41.75,105582,450645392.0,4.01,3.34,1.4,1.2
2020-04-28,43.36,44.02,44.1,42.37,117680,508996672.0,4.0,1.71,0.74,1.33
2020-04-29,43.5,41.18,44.08,40.89,272807,1146043488.0,7.25,-6.45,-2.84,3.09
2020-04-30,41.3,40.41,41.5,39.48,264341,1068574400.0,4.91,-1.87,-0.77,3.0
2020-05-06,39.88,41.49,41.66,39.7,197312,807580352.0,4.85,2.67,1.08,2.24
2020-05-07,41.61,42.19,42.65,41.4,126020,530396592.0,3.01,1.69,0.7,1.43
2020-05-08,42.57,42.83,43.65,42.09,126508,543186128.0,3.7,1.52,0.64,1.43
2020-05-11,42.83,41.58,43.0,41.3,147659,618158736.0,3.97,-2.92,-1.25,1.67
2020-05-12,41.58,42.33,42.99,41.3,124955,527383728.0,4.06,1.8,0.75,1.42
2020-05-13,42.31,43.68,44.09,41.62,148779,643304688.0,5.84,3.19,1.35,1.69
2020-05-14,44.0,42.58,44.0,42.32,120023,516075184.0,3.85,-2.52,-1.1,1.36
2020-05-15,42.6,41.87,42.76,41.45,100323,419504784.0,3.08,-1.67,-0.71,1.14
2020-05-18,40.9,40.45,41.3,38.88,349427,1402807648.0,5.78,-3.39,-1.42,3.96
2020-05-19,41.01,40.49,41.85,40.19,223866,911996336.0,4.1,0.1,0.04,2.54
2020-05-20,40.59,40.6,41.32,40.41,128171,523517872.0,2.25,0.27,0.11,1.45
2020-05-21,40.88,39.92,40.88,39.85,94808,380780000.0,2.54,-1.67,-0.68,1.07
2020-05-22,39.99,39.18,40.35,39.0,85142,337036704.0,3.38,-1.85,-0.74,0.97
2020-05-25,39.28,40.85,41.3,39.1,153482,624663280.0,5.62,4.26,1.67,1.74
2020-05-26,41.0,41.88,42.13,40.58,110362,458346096.0,3.79,2.52,1.03,1.25
2020-05-27,42.09,40.15,42.18,40.15,109675,446707888.0,4.85,-4.13,-1.73,1.24
2020-05-28,40.15,40.2,40.63,39.68,83001,333262464.0,2.37,0.12,0.05,0.94
2020-05-29,40.2,39.56,40.62,39.48,107083,426846976.0,2.84,-1.59,-0.64,1.21
2020-06-01,39.98,39.8,40.3,39.41,144288,574965776.0,2.25,0.61,0.24,1.64
2020-06-02,39.8,39.3,39.96,38.76,157333,615299360.0,3.02,-1.26,-0.5,1.78
2020-06-03,39.18,39.03,39.47,38.82,116103,454234656.0,1.65,-0.69,-0.27,1.32
2020-06-04,39.23,39.9,40.16,39.02,147557,584961632.0,2.92,2.23,0.87,1.67
2020-06-05,39.43,39.4,39.75,38.92,127013,498232352.0,2.08,-1.25,-0.5,1.44
2020-06-08,39.43,39.11,39.9,39.01,117038,460330480.0,2.26,-0.74,-0.29,1.33
2020-06-09,39.21,39.89,39.99,39.11,133262,528472320.0,2.25,1.99,0.78,1.51
2020-06-10,38.91,39.58,39.83,38.42,146431,573213648.0,3.53,-0.78,-0.31,1.66
2020-06-11,39.5,39.07,39.8,38.8,106952,419763168.0,2.53,-1.29,-0.51,1.21
2020-06-12,38.18,39.85,39.88,38.0,126624,497338928.0,4.81,2.0,0.78,1.44
2020-06-15,39.5,40.78,41.6,39.4,202220,824651648.0,5.52,2.33,0.93,2.29
2020-06-16,40.79,40.88,41.46,40.28,137921,563578384.0,2.89,0.25,0.1,1.56
2020-06-17,40.8,40.92,41.64,40.36,90011,368928928.0,3.13,0.1,0.04,1.02
2020-06-18,41.33,41.69,41.75,40.73,107411,445549776.0,2.49,1.88,0.77,1.22
2020-06-19,41.9,42.55,43.06,41.5,141374,602661968.0,3.74,2.06,0.86,1.6
2020-06-22,42.61,41.84,42.97,41.5,130660,549158416.0,3.45,-1.67,-0.71,1.48
2020-06-23,41.84,42.15,42.38,41.32,95970,403560480.0,2.53,0.74,0.31,1.09
2020-06-24,42.42,43.83,44.77,42.11,160603,698799184.0,6.31,3.99,1.68,1.82
2020-06-29,44.02,46.06,46.27,43.85,153891,695927984.0,5.52,5.09,2.23,1.74
2020-06-30,46.7,46.09,47.17,45.35,107020,493993424.0,3.95,0.07,0.03,1.21
2020-07-01,46.08,47.55,48.5,45.83,118499,557915568.0,5.79,3.17,1.46,1.34
2020-07-02,47.46,47.01,49.04,46.4,148273,703856736.0,5.55,-1.14,-0.54,1.68
2020-07-03,47.03,46.16,47.3,45.28,147389,677489472.0,4.3,-1.81,-0.85,1.67
2020-07-06,46.0,47.03,47.43,45.72,156148,728606640.0,3.7,1.88,0.87,1.77
2020-07-07,47.04,47.28,48.5,46.54,151318,722340112.0,4.17,0.53,0.25,1.72
2020-07-08,47.28,47.22,47.74,46.5,161637,760235008.0,2.62,-0.13,-0.06,1.83
2020-07-09,47.19,48.0,48.09,46.7,153390,727011712.0,2.94,1.65,0.78,1.74
2020-07-10,47.85,49.16,49.6,47.53,144483,707075888.0,4.31,2.42,1.16,1.64
2020-07-13,49.49,49.6,50.4,48.13,200204,986748528.0,4.62,0.9,0.44,2.27
2020-07-14,49.29,49.0,50.01,48.0,148085,726029200.0,4.05,-1.21,-0.6,1.68
2020-07-15,49.11,52.57,53.43,49.0,222211,1147070240.0,9.04,7.29,3.57,2.52
2020-07-16,52.57,50.7,52.65,50.2,191601,982130496.0,4.66,-3.56,-1.87,2.17
2020-07-17,50.4,54.52,55.53,50.0,203196,1069006880.0,10.91,7.53,3.82,2.3
2020-07-20,55.0,55.84,57.3,54.53,221758,1236943152.0,5.08,2.42,1.32,2.51
2020-07-21,55.79,55.81,55.84,54.02,116817,641333600.0,3.26,-0.05,-0.03,1.32
2020-07-22,55.43,56.2,56.78,54.58,103237,572573840.0,3.94,0.7,0.39,1.17
2020-07-23,55.01,54.26,56.09,52.59,210201,1133064752.0,6.23,-3.45,-1.94,2.38
2020-07-24,53.67,51.3,54.67,50.45,197405,1042597632.0,7.78,-5.46,-2.96,2.24
2020-07-27,51.31,52.1,53.5,51.31,179426,943108976.0,4.27,1.56,0.8,2.03
2020-07-28,52.68,54.32,54.99,52.66,138115,749706080.0,4.47,4.26,2.22,1.57
2020-07-29,54.56,54.46,54.98,52.45,117528,633214160.0,4.66,0.26,0.14,1.33
2020-07-30,54.5,54.64,55.87,54.1,116922,641540784.0,3.25,0.33,0.18,1.33
2020-07-31,54.18,54.63,55.2,53.6,102754,559326208.0,2.93,-0.02,-0.01,1.16
2020-08-03,54.77,54.11,55.44,53.66,137814,745906496.0,3.26,-0.95,-0.52,1.56
2020-08-04,54.03,54.45,55.0,53.64,101816,553574144.0,2.51,0.63,0.34,1.15
2020-08-05,54.0,54.8,55.17,53.3,106954,583053936.0,3.43,0.64,0.35,1.21
2020-08-06,54.7,53.73,55.38,53.33,111400,603497760.0,3.74,-1.95,-1.07,1.26
2020-08-07,53.74,53.17,55.26,52.55,147078,791088352.0,5.04,-1.04,-0.56,1.67
2020-08-10,53.42,55.81,55.89,53.25,184205,1018463120.0,4.97,4.97,2.64,2.09
2020-08-11,55.61,57.25,58.37,54.61,200954,1144825920.0,6.74,2.58,1.44,2.28
2020-08-12,58.0,52.08,58.05,51.62,342962,1821676896.0,11.23,-9.03,-5.17,3.89
2020-08-13,52.91,51.09,53.27,50.57,180513,930489936.0,5.18,-1.9,-0.99,2.05
2020-08-14,51.21,51.9,52.22,50.83,108711,561053184.0,2.72,1.59,0.81,1.23
2020-08-17,51.98,52.2,53.0,51.64,151149,790713200.0,2.62,0.58,0.3,1.71
2020-08-18,52.0,54.34,54.59,51.38,159855,852609648.0,6.15,4.1,2.14,1.81
2020-08-19,54.08,57.96,58.53,53.13,264623,1502328880.0,9.94,6.66,3.62,3.0
2020-08-20,57.38,57.3,58.78,56.35,135702,776194272.0,4.19,-1.14,-0.66,1.54
2020-08-21,57.63,59.3,60.25,57.01,147666,870334064.0,5.65,3.49,2.0,1.67
2020-08-24,59.36,58.63,59.48,56.72,178440,1036564208.0,4.65,-1.13,-0.67,2.02
2020-08-25,57.75,58.01,59.09,57.23,106966,622773184.0,3.17,-1.06,-0.62,1.21
2020-08-26,58.01,58.18,59.47,57.41,94599,552700160.0,3.55,0.29,0.17,1.07
2020-08-27,59.0,59.42,60.86,58.38,121144,720733392.0,4.26,2.13,1.24,1.37
2020-08-28,58.71,65.17,65.36,58.55,223104,1404865328.0,11.46,9.68,5.75,2.53
2020-08-31,64.8,63.5,65.65,62.36,175219,1113536112.0,5.05,-2.56,-1.67,1.99
2020-09-01,63.05,62.34,63.08,60.65,135935,839153664.0,3.83,-1.83,-1.16,1.54
2020-09-02,62.35,61.82,63.33,60.85,108449,671296256.0,3.98,-0.83,-0.52,1.23
2020-09-03,61.82,59.85,62.96,58.5,185898,1130828208.0,7.21,-3.19,-1.97,2.11
2020-09-04,58.44,59.14,59.4,57.85,107567,631104176.0,2.59,-1.19,-0.71,1.22
2020-09-07,58.5,56.13,59.5,55.71,183871,1044785984.0,6.41,-5.09,-3.01,2.08
2020-09-08,56.13,56.38,56.87,54.56,115074,641320720.0,4.12,0.45,0.25,1.3
2020-09-09,56.0,54.3,56.1,53.85,104533,570744960.0,3.99,-3.69,-2.08,1.19
2020-09-10,54.9,53.96,55.2,53.61,98317,534395040.0,2.93,-0.63,-0.34,1.11
2020-09-11,53.99,53.1,54.19,52.01,156236,827877152.0,4.04,-1.59,-0.86,1.77
2020-09-14,53.5,51.53,53.6,50.55,156665,815373488.0,5.74,-2.96,-1.57,1.78
2020-09-15,52.16,52.19,53.4,51.55,224790,1175188144.0,3.59,1.28,0.66,2.55
2020-09-16,52.09,52.72,53.8,51.86,146267,774552288.0,3.72,1.02,0.53,1.66
2020-09-17,52.77,51.19,52.77,50.68,154769,792650384.0,3.96,-2.9,-1.53,1.75
2020-09-18,51.21,52.5,52.62,50.82,114071,591948784.0,3.52,2.56,1.31,1.29
2020-09-21,52.5,51.18,52.6,50.9,102627,527445376.0,3.24,-2.51,-1.32,1.16
2020-09-22,51.0,50.98,52.35,50.62,129324,666519056.0,3.38,-0.39,-0.2,1.47
2020-09-23,51.05,51.7,52.05,50.9,91976,475756064.0,2.26,1.41,0.72,1.04
2020-09-24,51.8,51.1,52.36,50.5,108459,555341552.0,3.6,-1.16,-0.6,1.23
2020-09-25,50.91,51.33,51.8,50.83,67459,346904368.0,1.9,0.45,0.23,0.76
2020-09-28,51.5,50.94,51.68,50.52,80185,408701904.0,2.26,-0.76,-0.39,0.6
2020-09-29,50.99,51.66,52.2,50.7,102747,529741568.0,2.94,1.41,0.72,0.76
2020-09-30,51.79,52.93,54.33,51.62,135763,722491552.0,5.25,2.46,1.27,1.01
2020-10-09,53.55,55.0,55.4,53.28,108476,591668192.0,4.01,3.91,2.07,0.81
2020-10-12,55.0,55.45,55.88,54.78,106038,586171536.0,2.0,0.82,0.45,0.79
2020-10-13,55.5,54.9,55.8,54.01,90174,492978976.0,3.23,-0.99,-0.55,0.67
2020-10-14,54.8,54.19,55.18,53.9,82554,448176576.0,2.33,-1.29,-0.71,0.61
2020-10-15,54.2,53.55,54.48,53.16,84450,452658480.0,2.44,-1.18,-0.64,0.63
2020-10-16,53.63,53.5,54.99,53.5,99123,535863744.0,2.78,-0.09,-0.05,0.74
2020-10-19,53.47,50.23,53.5,49.58,278743,1417226928.0,7.33,-6.11,-3.27,2.07
2020-10-20,50.21,50.88,51.0,49.4,124331,628909232.0,3.19,1.29,0.65,0.93
2020-10-21,51.2,50.57,51.63,50.35,92662,471941792.0,2.52,-0.61,-0.31,0.69
2020-10-22,50.49,49.91,50.5,49.2,104477,518439728.0,2.57,-1.31,-0.66,0.78
2020-10-23,49.86,47.5,50.1,47.0,186297,895361312.0,6.21,-4.83,-2.41,1.39
2020-10-26,47.5,48.6,48.94,44.44,116106,549582096.0,9.47,2.32,1.1,0.86
2020-10-27,48.45,49.65,49.96,48.26,82855,408956464.0,3.5,2.16,1.05,0.62
2020-10-28,51.04,49.79,52.2,49.3,229604,1162809264.0,5.84,0.28,0.14,1.71
2020-10-29,48.7,50.56,51.02,48.55,170479,856267824.0,4.96,1.55,0.77,1.27
2020-10-30,50.57,50.0,50.88,49.52,125055,624537504.0,2.69,-1.11,-0.56,0.93
2020-11-02,49.4,49.05,50.0,47.68,134375,656804864.0,4.64,-1.9,-0.95,1.0
2020-11-03,49.19,48.73,49.2,47.3,131094,632052000.0,3.87,-0.65,-0.32,0.98
2020-11-04,48.6,49.91,50.0,48.01,99384,488860336.0,4.08,2.42,1.18,0.74
2020-11-05,50.0,50.05,50.69,49.8,121733,611180224.0,1.78,0.28,0.14,0.91
2020-11-06,50.46,49.24,50.46,48.8,92207,454398864.0,3.32,-1.62,-0.81,0.69
2020-11-09,49.25,50.0,50.24,49.25,84800,423167504.0,2.01,1.54,0.76,0.63
2020-11-10,50.02,48.91,50.18,48.8,98467,484017440.0,2.76,-2.18,-1.09,0.73
2020-11-11,48.92,48.81,50.18,48.71,120283,593191952.0,3.01,-0.2,-0.1,0.9
2020-11-12,48.89,49.08,49.29,48.64,64883,317332112.0,1.33,0.55,0.27,0.48
2020-11-13,49.08,48.18,49.08,48.01,66002,318144560.0,2.18,-1.83,-0.9,0.49
2020-11-16,48.18,49.4,49.59,48.03,107620,525407280.0,3.24,2.53,1.22,0.8
2020-11-17,49.42,50.89,51.5,49.29,153716,779128112.0,4.47,3.02,1.49,1.14
2020-11-18,51.0,51.95,52.0,50.48,137026,702841840.0,2.99,2.08,1.06,1.02
2020-11-19,51.9,51.77,52.22,51.01,95581,493560448.0,2.33,-0.35,-0.18,0.71
2020-11-20,51.77,51.32,51.89,50.5,85301,436661040.0,2.68,-0.87,-0.45,0.63
2020-11-23,51.33,49.79,51.45,49.4,164205,817748128.0,3.99,-2.98,-1.53,1.22
2020-11-24,49.66,50.09,50.29,49.0,80566,400548304.0,2.59,0.6,0.3,0.6
2020-11-25,49.6,48.09,49.65,47.51,151247,728196992.0,4.27,-3.99,-2.0,1.13
2020-11-26,47.9,47.69,48.14,47.03,79467,376985376.0,2.31,-0.83,-0.4,0.59
2020-11-27,48.0,47.49,48.28,47.02,98666,467935152.0,2.64,-0.42,-0.2,0.73
2020-11-30,47.03,46.12,47.3,45.79,168549,779821808.0,3.18,-2.88,-1.37,1.25
2020-12-01,46.11,46.63,47.16,46.0,153523,715173840.0,2.52,1.11,0.51,1.14
2020-12-02,47.1,47.29,47.5,46.81,101832,480495632.0,1.48,1.42,0.66,0.76
2020-12-03,47.48,47.49,47.76,46.8,90018,425406544.0,2.03,0.42,0.2,0.67
2020-12-04,47.5,48.08,48.3,47.4,135709,651195616.0,1.9,1.24,0.59,1.01
2020-12-07,48.12,47.73,48.48,47.16,103530,493977168.0,2.75,-0.73,-0.35,0.77
2020-12-08,47.66,48.4,48.67,47.56,118382,570418752.0,2.33,1.4,0.67,0.88
2020-12-09,48.57,47.4,49.03,47.3,120247,578995600.0,3.57,-2.07,-1.0,0.9
2020-12-10,47.1,46.7,47.4,46.57,98924,463805472.0,1.75,-1.48,-0.7,0.74
2020-12-11,46.71,46.1,46.81,45.25,138019,632693024.0,3.34,-1.28,-0.6,1.03
2020-12-14,46.1,48.62,49.0,45.8,204485,982624720.0,6.94,5.47,2.52,1.52
2020-12-15,48.8,48.44,49.11,47.62,146585,709634352.0,3.06,-0.37,-0.18,1.09
2020-12-16,48.44,49.1,49.49,48.4,136262,668121488.0,2.25,1.36,0.66,1.01
2020-12-17,49.22,49.2,49.95,49.04,146980,726324896.0,1.85,0.2,0.1,1.09
2020-12-18,49.2,47.7,49.21,47.18,179249,859942160.0,4.13,-3.05,-1.5,1.33
2020-12-21,47.7,47.45,47.81,46.8,125074,591516192.0,2.12,-0.52,-0.25,0.93
2020-12-22,47.4,46.69,47.4,46.46,129799,608272384.0,1.98,-1.6,-0.76,0.97
2020-12-23,46.75,46.35,46.87,45.91,126545,584966416.0,2.06,-0.73,-0.34,0.94
2020-12-24,46.35,45.55,46.55,45.38,109273,500623696.0,2.52,-1.73,-0.8,0.81
2020-12-25,45.55,46.17,46.18,44.2,140777,635688272.0,4.35,1.36,0.62,1.05
2020-12-28,46.17,45.96,46.77,45.59,100042,460764896.0,2.56,-0.45,-0.21,0.74
2020-12-29,46.0,45.09,46.16,45.03,105740,481619600.0,2.46,-1.89,-0.87,0.79
2020-12-30,44.82,46.25,46.25,44.8,124314,567128640.0,3.22,2.57,1.16,0.93
2020-12-31,46.2,46.94,47.19,45.95,128077,599728512.0,2.68,1.49,0.69,0.95
2021-01-04,46.94,48.01,49.26,46.69,243691,1172056336.0,5.48,2.28,1.07,1.81
2021-01-05,48.06,52.81,52.81,48.02,473935,2429782144.0,9.98,10.0,4.8,3.53
2021-01-06,54.46,52.73,54.98,51.89,362517,1922779488.0,5.85,-0.15,-0.08,2.7
2021-01-07,52.46,52.03,52.8,51.11,248347,1286592576.0,3.21,-1.33,-0.7,1.85
2021-01-08,52.0,51.8,53.56,50.68,242851,1265104704.0,5.54,-0.44,-0.23,1.81
2021-01-11,51.39,50.25,52.95,50.0,254715,1307313520.0,5.69,-2.99,-1.55,1.9
2021-01-12,50.25,51.11,51.18,49.28,207175,1046012432.0,3.78,1.71,0.86,1.54
2021-01-13,51.12,53.03,53.54,50.66,318993,1674512448.0,5.63,3.76,1.92,2.37
2021-01-14,53.0,53.49,54.38,52.01,259670,1385411088.0,4.47,0.87,0.46,1.93
2021-01-15,52.8,51.51,53.91,50.38,221620,1142985424.0,6.6,-3.7,-1.98,1.65
2021-01-18,50.69,49.92,51.14,49.11,298331,1485807952.0,3.94,-3.09,-1.59,2.22
2021-01-19,50.0,48.96,50.5,48.81,192245,946085728.0,3.39,-1.92,-0.96,1.43
2021-01-20,48.96,48.38,48.99,47.5,198942,954124880.0,3.04,-1.18,-0.58,1.48
2021-01-21,48.1,49.3,49.8,48.01,176851,865486816.0,3.7,1.9,0.92,1.32
2021-01-22,49.43,48.81,49.63,48.02,164609,801470112.0,3.27,-0.99,-0.49,1.23
2021-01-25,49.0,50.35,50.85,48.99,278446,1395498288.0,3.81,3.16,1.54,2.07
2021-01-26,50.36,48.94,51.24,48.43,227701,1133809056.0,5.58,-2.8,-1.41,1.69
2021-01-27,48.5,47.65,48.5,47.11,196898,938631872.0,2.84,-2.64,-1.29,1.47
2021-01-28,47.06,46.66,47.5,46.02,123076,577317712.0,3.11,-2.08,-0.99,0.92
2021-01-29,46.98,46.99,47.49,45.55,197496,910909024.0,4.16,0.71,0.33,1.47
2021-02-01,47.0,47.23,47.5,46.3,112581,529817776.0,2.55,0.51,0.24,0.84
2021-02-02,47.6,49.24,49.7,47.6,216520,1057793824.0,4.45,4.26,2.01,1.61
2021-02-03,49.23,48.33,49.66,48.19,157808,770976784.0,2.99,-1.85,-0.91,1.17
2021-02-04,48.0,47.53,48.19,46.55,148560,701824512.0,3.39,-1.66,-0.8,1.11
2021-02-05,47.86,47.18,48.76,46.95,144011,688214224.0,3.81,-0.74,-0.35,1.07
2021-02-08,47.6,48.3,48.6,46.47,172487,821989104.0,4.51,2.37,1.12,1.28
2021-02-09,48.32,50.29,50.48,47.9,293825,1457152816.0,5.34,4.12,1.99,2.19
2021-02-10,50.62,51.28,52.12,50.4,288816,1484030704.0,3.42,1.97,0.99,2.15
2021-02-18,52.21,48.51,52.98,48.02,440840,2174792176.0,9.67,-5.4,-2.77,3.28
2021-02-19,48.0,49.0,49.35,47.24,221903,1069733728.0,4.35,1.01,0.49,1.65
2021-02-22,48.98,47.9,49.0,47.74,194814,942153840.0,2.57,-2.24,-1.1,1.45
2021-02-23,47.31,47.32,47.86,47.1,117586,557761040.0,1.59,-1.21,-0.58,0.88
2021-02-24,47.41,47.9,48.16,47.2,142842,682279632.0,2.03,1.23,0.58,1.06
2021-02-25,47.9,47.25,48.18,47.0,132632,629189920.0,2.46,-1.36,-0.65,0.99
2021-02-26,46.55,46.04,46.7,45.62,135374,625641616.0,2.29,-2.56,-1.21,1.01
2021-03-01,46.3,46.64,46.78,45.97,78296,363336448.0,1.76,1.3,0.6,0.58
2021-03-02,46.77,46.05,46.85,45.71,102856,474712000.0,2.44,-1.27,-0.59,0.77
2021-03-03,46.06,46.86,46.98,45.8,86152,400263520.0,2.56,1.76,0.81,0.64
2021-03-04,46.49,45.59,46.6,45.29,109814,502520496.0,2.8,-2.71,-1.27,0.82
2021-03-05,45.03,45.1,45.45,44.5,101318,456296656.0,2.08,-1.07,-0.49,0.75
2021-03-08,45.12,43.55,45.48,43.4,156474,694765984.0,4.61,-3.44,-1.55,1.16
2021-03-09,43.5,41.7,43.5,41.11,191594,802611648.0,5.49,-4.25,-1.85,1.43
2021-03-10,41.75,40.88,42.16,40.5,116544,479171744.0,3.98,-1.97,-0.82,0.87
2021-03-11,40.85,41.58,41.59,40.7,107883,444741776.0,2.18,1.71,0.7,0.8
2021-03-12,41.58,41.17,41.58,40.89,78483,322666528.0,1.66,-0.99,-0.41,0.58
2021-03-15,41.17,39.8,41.17,39.72,150045,604394736.0,3.52,-3.33,-1.37,1.12
2021-03-16,40.31,40.67,40.7,39.95,82167,331076848.0,1.88,2.19,0.87,0.61
2021-03-17,40.67,41.6,41.86,40.19,122186,505931216.0,4.11,2.29,0.93,0.91
2021-03-18,41.67,41.09,42.06,41.07,86143,357330880.0,2.38,-1.23,-0.51,0.64
2021-03-19,40.51,40.47,40.9,40.21,78511,317904432.0,1.68,-1.51,-0.62,0.58
2021-03-22,40.56,40.81,41.1,40.4,68607,279350784.0,1.73,0.84,0.34,0.51
2021-03-23,40.81,41.02,41.41,40.71,59837,245834498.0,1.72,0.51,0.21,0.45
2021-03-24,40.82,41.01,41.38,40.66,53532,219768988.0,1.76,-0.02,-0.01,0.4
2021-03-25,40.95,42.2,42.51,40.76,90866,378744256.0,4.27,2.9,1.19,0.68
2021-03-26,42.17,42.53,42.8,41.6,92891,392194688.0,2.84,0.78,0.33,0.69
2021-03-29,42.53,43.28,43.44,42.53,80064,344835488.0,2.14,1.76,0.75,0.6
2021-03-30,43.0,43.88,44.18,42.88,99856,437415728.0,3.0,1.39,0.6,0.74
2021-03-31,43.85,41.0,43.85,40.51,305926,1253494720.0,7.61,-6.56,-2.88,2.28
2021-04-01,40.92,40.93,41.15,40.7,90975,371925392.0,1.1,-0.17,-0.07,0.68
2021-04-02,40.93,40.14,41.0,39.8,249939,1003528768.0,2.93,-1.93,-0.79,1.86
2021-04-06,40.21,40.3,40.45,39.8,114967,461969440.0,1.62,0.4,0.16,0.86
2021-04-07,40.29,39.89,40.29,39.4,138939,552739696.0,2.21,-1.02,-0.41,1.03
2021-04-08,39.74,39.47,39.96,39.4,120637,477049856.0,1.4,-1.05,-0.42,0.9
2021-04-09,39.48,39.71,39.87,39.28,83808,332412208.0,1.49,0.61,0.24,0.62
2021-04-12,39.71,38.92,39.98,38.5,134510,528701392.0,3.73,-1.99,-0.79,1.0
2021-04-13,38.59,39.55,39.8,38.38,106224,418248656.0,3.65,1.62,0.63,0.79
2021-04-14,39.63,40.28,40.36,39.63,103392,415154832.0,1.85,1.85,0.73,0.77
2021-04-15,40.1,40.25,40.4,39.35,106057,425353680.0,2.61,-0.07,-0.03,0.79
2021-04-16,40.0,39.6,40.45,39.51,81812,325254528.0,2.34,-1.61,-0.65,0.61
2021-04-19,39.6,39.06,39.6,38.56,213289,830747008.0,2.63,-1.36,-0.54,1.43
2021-04-20,39.07,39.03,39.55,38.96,142218,558321712.0,1.51,-0.08,-0.03,0.96
2021-04-21,38.96,39.68,40.07,38.7,152586,602460624.0,3.51,1.67,0.65,1.02
2021-04-22,39.88,39.78,39.95,39.46,99598,395794720.0,1.23,0.25,0.1,0.67
2021-04-23,39.98,40.16,40.28,39.68,130617,523099520.0,1.51,0.96,0.38,0.88
2021-04-26,40.16,39.32,40.18,39.25,152970,606462688.0,2.32,-2.09,-0.84,1.03
2021-04-27,39.32,39.87,39.93,38.94,101215,399773264.0,2.52,1.4,0.55,0.68
2021-04-28,39.0,37.34,39.0,37.0,401368,1505853520.0,5.02,-6.35,-2.53,2.7
2021-04-29,37.16,36.89,37.48,36.65,198666,734765472.0,2.22,-1.21,-0.45,1.33
2021-04-30,36.89,36.64,37.1,36.53,112236,412654400.0,1.55,-0.68,-0.25,0.75
2021-05-06,36.67,36.23,36.98,36.17,126067,459730768.0,2.21,-1.12,-0.41,0.85
2021-05-07,36.2,35.79,36.31,35.74,119409,429525328.0,1.57,-1.21,-0.44,0.8
2021-05-10,35.78,34.62,35.78,34.17,197641,685845440.0,4.5,-3.27,-1.17,1.33
2021-05-11,34.46,35.42,35.53,34.2,110548,388311824.0,3.84,2.31,0.8,0.74
2021-05-12,35.43,36.31,36.38,35.43,118095,425096304.0,2.68,2.51,0.89,0.79
2021-05-13,36.32,36.56,36.77,35.9,135754,494763712.0,2.4,0.69,0.25,0.91
2021-05-14,36.56,37.18,37.3,36.56,106804,395960048.0,2.02,1.7,0.62,0.72
2021-05-17,37.28,37.25,37.46,36.88,111472,414448752.0,1.56,0.19,0.07,0.75
2021-05-18,37.34,37.55,37.6,37.25,69484,260148190.0,0.94,0.81,0.3,0.47
2021-05-19,37.55,37.99,38.0,36.99,90622,341054720.0,2.69,1.17,0.44,0.61
2021-05-20,37.81,37.96,38.1,37.61,93198,353032128.0,1.29,-0.08,-0.03,0.63
2021-05-21,36.24,35.32,36.24,35.12,145800,516851280.0,2.95,-6.95,-2.64,0.98
2021-05-24,35.3,35.71,35.79,34.81,83498,294673808.0,2.77,1.1,0.39,0.56
2021-05-25,35.71,36.5,36.67,35.56,115023,418163504.0,3.11,2.21,0.79,0.77
2021-05-26,36.59,36.35,36.85,36.05,90875,330212496.0,2.19,-0.41,-0.15,0.61
2021-05-27,36.29,36.04,36.58,36.04,121121,438207264.0,1.49,-0.85,-0.31,0.81
2021-05-28,36.05,35.58,36.15,35.32,120993,430468208.0,2.3,-1.28,-0.46,0.81
2021-05-31,35.5,35.22,35.52,34.8,150116,525265888.0,2.02,-1.01,-0.36,1.01
2021-06-01,35.37,35.55,35.93,35.29,133265,473660384.0,1.82,0.94,0.33,0.9
2021-06-02,35.67,35.12,35.7,34.97,135936,476916688.0,2.05,-1.21,-0.43,0.91
2021-06-03,35.14,35.21,35.55,35.0,114582,403639744.0,1.57,0.26,0.09,0.77
2021-06-04,35.22,35.15,35.3,35.0,111584,391508608.0,0.85,-0.17,-0.06,0.75
2021-06-07,35.28,34.77,35.28,34.62,110241,383619456.0,1.88,-1.08,-0.38,0.74
2021-06-08,34.98,34.35,35.0,34.0,139057,478405712.0,2.88,-1.21,-0.42,0.93
2021-06-09,34.36,34.05,34.39,33.92,108066,367988448.0,1.37,-0.87,-0.3,0.73
2021-06-10,34.05,33.85,34.25,33.8,117166,398038096.0,1.32,-0.59,-0.2,0.79
2021-06-11,33.86,34.09,34.55,33.35,193695,659821040.0,3.55,0.71,0.24,1.3
2021-06-15,34.09,33.62,34.3,33.38,111393,376321872.0,2.7,-1.38,-0.47,0.75
2021-06-16,33.63,33.53,33.98,33.48,67950,228683804.0,1.49,-0.27,-0.09,0.46
2021-06-17,33.53,33.01,33.59,32.84,110005,364199424.0,2.24,-1.55,-0.52,0.74
2021-06-18,33.0,31.32,33.01,30.53,342943,1078811680.0,7.51,-5.12,-1.69,2.3
2021-06-21,31.3,30.84,31.3,30.8,132666,410882176.0,1.6,-1.53,-0.48,0.89
2021-06-22,30.95,31.4,31.73,30.9,123734,387422768.0,2.69,1.82,0.56,0.83
2021-06-23,31.4,31.74,31.78,31.06,106411,335243376.0,2.29,1.08,0.34,0.71
2021-06-24,31.8,31.89,31.98,31.41,77105,244664605.0,1.8,0.47,0.15,0.52
2021-06-25,31.89,32.3,32.37,31.84,82420,265377067.0,1.66,1.29,0.41,0.55
2021-06-28,32.44,32.75,32.96,32.44,116254,379612976.0,1.61,1.39,0.45,0.78
2021-06-29,32.76,32.22,32.82,32.1,77682,251272180.0,2.2,-1.62,-0.53,0.52
2021-06-30,32.21,31.8,32.22,31.67,66276,211146089.0,1.71,-1.3,-0.42,0.45
2021-07-01,31.8,32.45,32.8,31.8,86953,281049760.0,3.14,2.04,0.65,0.58
2021-07-02,32.22,31.97,33.31,31.88,137157,447199392.0,4.41,-1.48,-0.48,0.92
2021-07-05,32.08,31.12,32.15,30.9,110760,344903264.0,3.91,-2.66,-0.85,0.74
2021-07-06,31.09,31.4,31.5,30.77,76755,237904255.0,2.35,0.9,0.28,0.52
2021-07-07,31.2,30.95,31.59,30.88,108396,336331472.0,2.26,-1.43,-0.45,0.73
2021-07-08,30.85,30.56,30.89,30.53,77322,236509363.0,1.16,-1.26,-0.39,0.52
2021-07-09,30.53,30.31,30.87,30.04,97686,295484464.0,2.72,-0.82,-0.25,0.66
2021-07-12,30.33,30.2,30.72,30.12,102081,309708768.0,1.98,-0.36,-0.11,0.69
2021-07-13,30.22,30.66,30.66,30.06,100811,306202976.0,1.99,1.52,0.46,0.68
2021-07-14,30.66,30.71,31.06,30.45,118367,364623856.0,1.99,0.16,0.05,0.8
2021-07-15,30.71,30.39,30.71,30.18,106528,323365616.0,1.73,-1.04,-0.32,0.72
2021-07-16,30.35,29.88,30.38,29.76,159221,476790528.0,2.04,-1.68,-0.51,1.07
2021-07-19,29.66,28.56,29.67,28.25,253674,723930592.0,4.75,-4.42,-1.32,1.7
2021-07-20,28.56,29.1,29.2,28.35,139532,401838288.0,2.98,1.89,0.54,0.94
2021-07-21,29.25,28.01,29.29,28.0,297120,841588160.0,4.43,-3.75,-1.09,2.0
2021-07-22,28.1,28.22,28.37,27.58,171450,480417744.0,2.82,0.75,0.21,1.15
2021-07-23,28.22,27.83,28.26,27.79,150246,419331568.0,1.67,-1.38,-0.39,1.01
2021-07-26,27.83,27.12,27.92,26.94,197258,536508144.0,3.52,-2.55,-0.71,1.32
2021-07-27,27.21,26.0,27.29,25.8,248270,657982144.0,5.49,-4.13,-1.12,1.67
2021-07-28,26.05,26.2,26.31,25.5,248736,643956144.0,3.12,0.77,0.2,1.67
2021-07-29,26.49,25.54,26.58,25.48,284944,735267344.0,4.2,-2.52,-0.66,1.91
2021-07-30,25.55,25.68,25.88,25.02,255144,652363792.0,3.37,0.55,0.14,1.71
2021-08-02,25.68,26.41,26.73,25.12,403611,1053809632.0,6.27,2.84,0.73,2.71
2021-08-03,26.3,27.15,27.15,26.12,304572,815168016.0,3.9,2.8,0.74,2.05
2021-08-04,27.15,26.62,27.2,26.37,254584,677734480.0,3.06,-1.95,-0.53,1.71
2021-08-05,26.51,26.55,27.06,26.28,182229,486034112.0,2.93,-0.26,-0.07,1.22
2021-08-06,26.42,26.18,26.55,26.02,123359,323090752.0,2.0,-1.39,-0.37,0.83
2021-08-09,25.88,27.97,28.57,25.56,428780,1179396880.0,11.5,6.84,1.79,2.88
2021-08-10,27.96,28.28,28.43,27.4,285813,798378992.0,3.68,1.11,0.31,1.92
2021-08-11,28.2,28.08,29.15,27.96,290829,828045920.0,4.21,-0.71,-0.2,1.95
2021-08-12,28.03,27.24,28.34,27.15,240808,662257360.0,4.24,-2.99,-0.84,1.62
2021-08-13,26.69,27.0,27.48,26.35,231073,621722272.0,4.15,-0.88,-0.24,1.55
2021-08-16,27.05,27.92,28.02,26.79,236700,652319744.0,4.56,3.41,0.92,1.59
2021-08-17,27.92,27.83,28.37,27.59,217512,607324560.0,2.79,-0.32,-0.09,1.46
2021-08-18,27.51,26.29,27.52,25.79,615191,1611666176.0,6.22,-5.53,-1.54,4.13
2021-08-19,25.6,24.98,25.74,24.7,526304,1322334048.0,3.96,-4.98,-1.31,3.54
2021-08-20,24.75,25.21,25.33,23.73,454130,1098923952.0,6.41,0.92,0.23,3.05
2021-08-23,24.92,25.1,25.24,24.68,217071,542488896.0,2.22,-0.44,-0.11,1.46
2021-08-24,25.1,25.32,25.57,24.85,163847,413731328.0,2.87,0.88,0.22,1.1
2021-08-25,25.32,25.12,25.6,25.07,153791,388366768.0,2.09,-0.79,-0.2,1.03
2021-08-26,25.08,24.62,25.12,24.6,158865,393927520.0,2.07,-1.99,-0.5,1.07
2021-08-27,24.47,24.56,24.95,24.42,106465,262955965.0,2.15,-0.24,-0.06,0.72
2021-08-30,24.56,23.95,24.58,23.84,221735,533513504.0,3.01,-2.48,-0.61,1.49
2021-08-31,23.95,24.1,24.3,23.6,151144,362035536.0,2.92,0.63,0.15,1.02
2021-09-01,24.17,25.24,25.4,24.11,282063,702611312.0,5.35,4.73,1.14,1.89
2021-09-02,25.33,24.86,25.38,24.52,209358,519466624.0,3.41,-1.51,-0.38,1.41
2021-09-03,24.8,25.08,25.2,24.36,195094,485948064.0,3.38,0.88,0.22,1.31
2021-09-06,25.06,25.56,25.87,24.9,237426,605430000.0,3.87,1.91,0.48,1.59
2021-09-07,25.56,25.72,25.97,25.36,156330,402420544.0,2.39,0.63,0.16,1.05
2021-09-08,25.7,25.52,25.91,25.34,164283,419755984.0,2.22,-0.78,-0.2,1.1
2021-09-09,25.6,25.64,25.79,25.36,135671,346763696.0,1.68,0.47,0.12,0.91
2021-09-10,25.67,25.82,26.12,25.56,191600,496351216.0,2.18,0.7,0.18,1.29
2021-09-13,25.85,25.44,26.05,25.32,163925,419204848.0,2.83,-1.47,-0.38,1.1
2021-09-14,25.4,25.11,25.62,25.08,128269,324424224.0,2.12,-1.3,-0.33,0.86
2021-09-15,25.01,24.78,25.02,24.68,105572,261701617.0,1.35,-1.31,-0.33,0.71
2021-09-16,24.78,25.63,26.25,24.78,297181,762745664.0,5.93,3.43,0.85,2.0
2021-09-17,25.68,25.95,26.05,25.25,195327,501932912.0,3.12,1.25,0.32,1.31
2021-09-22,25.61,25.43,25.62,25.22,116197,295354304.0,1.54,-2.0,-0.52,0.78
2021-09-23,25.43,25.77,25.89,25.26,121404,311551472.0,2.48,1.34,0.34,0.82
2021-09-24,25.78,26.55,26.77,25.63,297728,787846816.0,4.42,3.03,0.78,2.0
2021-09-27,26.59,27.66,28.19,26.27,414674,1138019008.0,7.23,4.18,1.11,2.79
2021-09-28,27.65,27.2,27.65,26.78,200923,544905024.0,3.15,-1.66,-0.46,1.35
2021-09-29,27.0,27.4,27.69,26.52,233493,633464736.0,4.3,0.74,0.2,1.57
2021-09-30,27.4,27.15,27.77,26.93,175719,478662848.0,3.07,-0.91,-0.25,1.18
2021-10-08,27.19,28.05,28.15,26.76,280178,778564896.0,5.12,3.31,0.9,1.88
2021-10-11,27.63,27.55,28.0,27.12,305001,837768224.0,3.14,-1.78,-0.5,2.05
2021-10-12,27.5,27.35,27.5,26.88,176258,479369184.0,2.25,-0.73,-0.2,1.18
2021-10-13,27.45,27.72,27.96,26.99,204334,561981424.0,3.55,1.35,0.37,1.37
2021-10-14,27.57,27.17,27.71,27.03,136510,372493984.0,2.45,-1.98,-0.55,0.92
2021-10-15,26.86,26.56,27.22,26.53,188570,504217984.0,2.54,-2.25,-0.61,1.27
2021-10-18,26.49,26.02,26.49,25.7,157502,409245024.0,2.97,-2.03,-0.54,1.06
2021-10-19,26.02,28.62,28.62,25.97,696755,1953990976.0,10.18,9.99,2.6,4.68
2021-10-20,28.61,28.1,28.77,27.86,492000,1387910176.0,3.18,-1.82,-0.52,3.3
2021-10-21,28.0,27.89,28.33,27.63,237943,664500288.0,2.49,-0.75,-0.21,1.6
2021-10-22,27.89,28.08,28.5,27.7,256000,719586000.0,2.87,0.68,0.19,1.72
2021-10-25,28.7,27.9,28.88,27.7,267546,751541712.0,4.2,-0.64,-0.18,1.8
2021-10-26,27.7,27.04,28.05,27.0,288469,788544816.0,3.76,-3.08,-0.86,1.94
2021-10-27,26.56,27.85,27.98,26.52,428442,1179277872.0,5.4,3.0,0.81,2.88
2021-10-28,27.61,28.94,29.33,26.83,573014,1632447056.0,8.98,3.91,1.09,3.85
2021-10-29,28.88,29.5,29.63,28.67,428538,1253108544.0,3.32,1.94,0.56,2.88
2021-11-01,29.35,29.55,29.98,28.63,317206,931829824.0,4.58,0.17,0.05,2.13
2021-11-02,29.41,31.02,31.49,28.9,522692,1582088944.0,8.76,4.97,1.47,3.51
2021-11-03,30.73,31.91,32.14,30.51,497681,1563094368.0,5.25,2.87,0.89,3.34
2021-11-04,31.7,31.05,32.74,30.98,570460,1813411888.0,5.52,-2.7,-0.86,3.83
2021-11-05,31.05,30.79,31.49,30.33,385061,1187836016.0,3.74,-0.84,-0.26,2.59
2021-11-08,30.75,30.86,31.5,30.34,262939,811804384.0,3.77,0.23,0.07,1.77
2021-11-09,30.76,30.78,31.1,30.5,178645,549052448.0,1.94,-0.26,-0.08,1.2
2021-11-10,30.76,30.17,30.8,29.47,253475,759789024.0,4.32,-1.98,-0.61,1.7
2021-11-11,30.09,30.0,30.35,29.83,169600,509341824.0,1.72,-0.56,-0.17,1.14
2021-11-12,29.99,30.0,30.33,29.77,156872,471272304.0,1.87,0.0,0.0,1.05
2021-11-15,30.08,31.29,31.5,29.7,361192,1109546768.0,6.0,4.3,1.29,2.43
2021-11-16,31.2,31.0,31.5,30.89,180194,561067392.0,1.95,-0.93,-0.29,1.21
2021-11-17,30.85,30.94,31.28,30.65,133593,412248864.0,2.03,-0.19,-0.06,0.9
2021-11-18,30.85,30.08,30.85,30.05,182443,552051456.0,2.59,-2.78,-0.86,1.23
2021-11-19,30.06,30.2,30.35,29.71,140669,422542800.0,2.13,0.4,0.12,0.94
2021-11-22,30.21,29.87,30.3,29.76,145395,435354912.0,1.79,-1.09,-0.33,0.98
2021-11-23,29.78,30.61,30.85,29.58,202562,613949952.0,4.25,2.48,0.74,1.36
2021-11-24,30.4,30.15,30.98,30.07,135587,411910784.0,2.97,-1.5,-0.46,0.91
2021-11-25,30.04,29.78,30.08,29.71,102188,304838464.0,1.23,-1.23,-0.37,0.69
2021-11-26,29.7,29.0,29.76,29.0,178589,521619792.0,2.55,-2.62,-0.78,1.2
2021-11-29,28.8,28.99,29.19,28.65,112905,326616080.0,1.86,-0.03,-0.01,0.76
2021-11-30,28.9,28.46,29.27,28.38,151152,434806304.0,3.07,-1.83,-0.53,1.02
2021-12-01,28.53,29.2,29.47,28.46,183648,533201744.0,3.55,2.6,0.74,1.23
2021-12-02,29.2,30.03,30.2,29.06,226802,677773552.0,3.9,2.84,0.83,1.52
2021-12-03,30.03,30.21,30.3,29.7,171934,517658672.0,2.0,0.6,0.18,1.15
2021-12-06,30.11,29.65,30.26,29.59,116651,348372272.0,2.22,-1.85,-0.56,0.78
2021-12-07,29.65,30.99,31.0,29.6,296487,910433184.0,4.72,4.52,1.34,1.99
2021-12-08,31.26,31.19,31.58,30.74,273621,852944352.0,2.71,0.65,0.2,1.84
2021-12-09,31.18,31.64,31.9,31.05,247548,782695344.0,2.73,1.44,0.45,1.66
2021-12-10,31.45,31.33,31.85,31.31,198369,626304848.0,1.71,-0.98,-0.31,1.33
2021-12-13,31.33,31.65,31.97,31.11,195417,619510704.0,2.74,1.02,0.32,1.31
2021-12-14,31.57,31.17,31.88,30.95,186089,582115328.0,2.94,-1.52,-0.48,1.25
2021-12-15,31.29,30.26,31.3,30.24,167356,510232528.0,3.4,-2.92,-0.91,1.12
2021-12-16,30.18,30.35,30.51,29.75,152631,459761968.0,2.51,0.3,0.09,1.03
2021-12-17,30.31,30.11,30.55,30.01,119918,362409136.0,1.78,-0.79,-0.24,0.81
2021-12-20,30.11,30.59,30.92,29.8,150051,458291296.0,3.72,1.59,0.48,1.01
2021-12-21,30.59,30.73,31.17,30.49,131001,404087856.0,2.22,0.46,0.14,0.88
2021-12-22,30.73,30.85,30.92,30.46,94117,289387360.0,1.5,0.39,0.12,0.63
2021-12-23,30.85,31.33,31.4,30.72,152701,476871696.0,2.2,1.56,0.48,1.03
2021-12-24,31.31,31.8,31.85,30.92,187774,593476336.0,2.97,1.5,0.47,1.26
2021-12-27,31.87,32.18,32.3,31.44,186867,596552080.0,2.7,1.19,0.38,1.26
2021-12-28,31.91,32.0,32.4,31.69,149827,479354400.0,2.21,-0.56,-0.18,1.01
2021-12-29,31.94,31.4,32.09,31.26,148007,466998480.0,2.59,-1.88,-0.6,0.99
2021-12-30,31.38,31.42,31.59,31.17,100249,314661008.0,1.34,0.06,0.02,0.67
2021-12-31,31.4,31.55,31.55,31.07,108468,340175456.0,1.53,0.41,0.13,0.73
2022-01-04,31.65,32.49,32.79,31.64,249529,802874672.0,3.65,2.98,0.94,1.68
2022-01-05,32.31,33.38,33.9,32.28,348637,1161861024.0,4.99,2.74,0.89,2.34
2022-01-06,32.9,33.4,33.6,32.66,227876,755588672.0,2.82,0.06,0.02,1.53
2022-01-07,33.13,32.58,33.51,32.51,199280,657025200.0,2.99,-2.46,-0.82,1.34
2022-01-10,32.36,33.22,33.4,32.14,196731,649078096.0,3.87,1.96,0.64,1.32
2022-01-11,33.13,31.42,33.15,31.21,309209,987088096.0,5.84,-5.42,-1.8,2.08
2022-01-12,31.4,31.89,31.99,30.79,156857,494560864.0,3.82,1.5,0.47,1.05
2022-01-13,31.8,31.13,32.27,31.1,134071,424125504.0,3.67,-2.38,-0.76,0.9
2022-01-14,31.25,30.12,31.52,29.95,207554,633951856.0,5.04,-3.24,-1.01,1.39
2022-01-17,30.31,30.39,30.53,29.45,137450,413515168.0,3.59,0.9,0.27,0.92
2022-01-18,30.37,30.89,30.97,30.11,107751,329122752.0,2.83,1.65,0.5,0.72
2022-01-19,30.77,31.6,32.23,30.62,182859,577151424.0,5.21,2.3,0.71,1.23
2022-01-20,31.5,31.66,32.14,31.48,117926,375299904.0,2.09,0.19,0.06,0.79
2022-01-21,31.56,31.41,31.8,31.18,92298,290735680.0,1.96,-0.79,-0.25,0.62
2022-01-24,31.34,31.48,31.75,31.03,82059,258121145.0,2.29,0.22,0.07,0.55
2022-01-25,31.34,30.64,31.47,30.6,94180,292265728.0,2.76,-2.67,-0.84,0.63
2022-01-26,30.64,30.88,31.21,30.39,101051,311856496.0,2.68,0.78,0.24,0.68
2022-01-27,30.6,30.0,31.12,30.0,116283,352710624.0,3.63,-2.85,-0.88,0.78
2022-01-28,30.0,29.8,30.41,29.55,110194,330458160.0,2.87,-0.67,-0.2,0.74
2022-02-07,30.02,30.63,30.88,29.15,136089,410816608.0,5.81,2.79,0.83,0.91
2022-02-08,30.64,30.94,30.96,30.3,90263,276195696.0,2.15,1.01,0.31,0.61
2022-02-09,30.93,31.27,31.62,30.79,115355,360918816.0,2.68,1.07,0.33,0.77
2022-02-10,31.2,31.71,32.19,31.11,123555,392486976.0,3.45,1.41,0.44,0.83
2022-02-11,31.65,30.77,31.67,30.75,127756,396323504.0,2.9,-2.96,-0.94,0.86
2022-02-14,30.64,30.88,31.09,30.2,77078,236997836.0,2.89,0.36,0.11,0.52
2022-02-15,30.88,30.51,31.08,30.25,81371,249028127.0,2.69,-1.2,-0.37,0.55
2022-02-16,30.65,30.09,30.69,29.82,110903,334935904.0,2.85,-1.38,-0.42,0.74
2022-02-17,30.09,30.29,30.53,29.86,90620,274042528.0,2.23,0.66,0.2,0.61
2022-02-18,30.21,29.9,30.21,29.38,162257,482021712.0,2.74,-1.29,-0.39,1.09
2022-02-21,29.9,30.04,30.24,29.76,75284,225840672.0,1.61,0.47,0.14,0.51
2022-02-22,29.92,29.64,29.92,29.29,88577,261715341.0,2.1,-1.33,-0.4,0.59
2022-02-23,29.64,29.41,29.95,29.36,102758,302648224.0,1.99,-0.78,-0.23,0.69
2022-02-24,29.29,28.31,29.36,28.01,186348,532931328.0,4.59,-3.74,-1.1,1.25
2022-02-25,28.4,28.49,28.84,28.37,80929,231499347.0,1.66,0.64,0.18,0.54
2022-02-28,28.49,28.8,28.9,27.8,122612,349273536.0,3.86,1.09,0.31,0.82
2022-03-01,28.8,29.36,29.45,28.68,141461,411643376.0,2.67,1.94,0.56,0.95
2022-03-02,29.23,29.27,29.33,28.91,89443,260378204.0,1.43,-0.31,-0.09,0.6
2022-03-03,29.27,29.44,29.55,29.14,85087,250163294.0,1.4,0.58,0.17,0.57
2022-03-04,29.3,29.6,29.9,29.12,95246,282042560.0,2.65,0.54,0.16,0.64
2022-03-07,29.57,28.5,29.57,28.44,97962,281905568.0,3.82,-3.72,-1.1,0.66
2022-03-08,28.5,27.56,28.84,27.52,117323,329268560.0,4.63,-3.3,-0.94,0.79
2022-03-09,27.57,27.26,27.86,26.0,142331,385238208.0,6.75,-1.09,-0.3,0.96
2022-03-10,27.63,27.57,27.9,27.4,87364,241426145.0,1.83,1.14,0.31,0.59
2022-03-11,27.26,28.3,28.32,27.0,103485,287195584.0,4.79,2.65,0.73,0.7
2022-03-14,28.14,27.92,28.36,27.83,66673,186625106.0,1.87,-1.34,-0.38,0.45
2022-03-15,27.2,25.13,27.22,25.13,285474,733840320.0,7.49,-9.99,-2.79,1.92
2022-03-16,23.5,25.23,25.68,23.5,301097,735377536.0,8.67,0.4,0.1,2.02
2022-03-17,25.34,25.98,26.35,25.34,158512,410690880.0,4.0,2.97,0.75,1.06
2022-03-18,25.7,25.9,26.2,25.44,94212,244140255.0,2.93,-0.31,-0.08,0.63
2022-03-21,25.9,26.43,26.83,25.89,101690,267839317.0,3.63,2.05,0.53,0.68
2022-03-22,26.2,26.87,27.04,26.18,78017,208290299.0,3.25,1.66,0.44,0.52
2022-03-23,26.87,26.65,26.98,26.41,68104,181594075.0,2.12,-0.82,-0.22,0.46
2022-03-24,26.6,26.31,26.62,26.23,54825,144607519.0,1.46,-1.28,-0.34,0.37
2022-03-25,26.67,26.51,27.11,26.07,87103,232678057.0,3.95,0.76,0.2,0.59
2022-03-28,26.3,26.7,26.75,26.05,94246,249053712.0,2.64,0.72,0.19,0.63
2022-03-29,27.35,28.51,29.15,27.03,287653,815780048.0,7.94,6.78,1.81,1.93
2022-03-30,28.35,28.93,29.08,28.26,151438,434382368.0,2.88,1.47,0.42,1.02
2022-03-31,28.94,29.06,29.56,28.8,125633,366980448.0,2.63,0.45,0.13,0.84
2022-04-01,28.9,29.22,29.55,28.67,102447,299856800.0,3.03,0.55,0.16,0.69
2022-04-06,29.5,28.9,29.5,28.7,118191,342299088.0,2.74,-1.1,-0.32,0.79
2022-04-07,28.81,28.3,28.85,27.91,167093,472779312.0,3.25,-2.08,-0.6,1.12
2022-04-08,28.33,28.0,28.36,27.65,132112,369393024.0,2.51,-1.06,-0.3,0.89
2022-04-11,28.22,28.78,28.95,27.71,178163,508177184.0,4.43,2.79,0.78,1.2
2022-04-12,28.61,29.11,29.15,28.39,113261,326052208.0,2.64,1.15,0.33,0.76
2022-04-13,28.99,28.9,29.32,28.81,83837,243310094.0,1.75,-0.72,-0.21,0.56
2022-04-14,28.8,29.74,29.96,28.7,177223,524193568.0,4.36,2.91,0.84,1.19
2022-04-15,29.55,30.97,31.5,29.35,268591,821773344.0,7.23,4.14,1.23,1.8
2022-04-18,30.67,31.87,32.39,30.47,308592,980934752.0,6.2,2.91,0.9,2.07
2022-04-19,31.9,31.25,32.2,31.07,181699,573367904.0,3.55,-1.95,-0.62,1.22
2022-04-20,31.2,31.9,32.35,30.94,248844,794486912.0,4.51,2.08,0.65,1.67
2022-04-21,31.9,31.59,32.59,31.3,219426,699480944.0,4.04,-0.97,-0.31,1.47
2022-04-22,31.08,31.49,31.76,30.89,180126,562566320.0,2.75,-0.32,-0.1,1.21
2022-04-25,31.47,31.36,32.5,31.16,311753,997520544.0,4.26,-0.41,-0.13,2.09
2022-04-26,31.36,31.11,32.0,30.62,197014,615805920.0,4.4,-0.8,-0.25,1.32
2022-04-27,30.35,31.95,31.95,30.1,205719,644457744.0,5.95,2.7,0.84,1.38
2022-04-28,31.44,31.79,31.95,30.67,175716,552154768.0,4.01,-0.5,-0.16,1.18
2022-04-29,30.8,29.75,30.8,29.01,280121,828448736.0,5.63,-6.42,-2.04,1.88
2022-05-05,29.47,29.76,30.05,29.12,196141,582036656.0,3.13,0.03,0.01,1.32
2022-05-06,29.45,30.63,30.75,28.9,185561,558277136.0,6.22,2.92,0.87,1.25
2022-05-09,29.9,32.04,32.16,29.83,246097,780890400.0,7.61,4.6,1.41,1.65
2022-05-10,31.54,31.5,32.12,30.89,180184,564948864.0,3.84,-1.69,-0.54,1.21
2022-05-11,31.44,30.68,31.6,30.5,200467,620103120.0,3.49,-2.6,-0.82,1.35
2022-05-12,30.65,30.2,30.65,29.59,149824,450341136.0,3.46,-1.56,-0.48,1.01
2022-05-13,30.1,30.17,30.8,29.85,165109,500060672.0,3.15,-0.1,-0.03,1.11
2022-05-16,30.03,29.8,30.25,29.5,135128,403252144.0,2.49,-1.23,-0.37,0.91
2022-05-17,29.56,29.59,30.0,29.26,97291,287646528.0,2.48,-0.7,-0.21,0.65
2022-05-18,29.5,29.2,29.53,28.9,149195,435341680.0,2.13,-1.32,-0.39,1.0
2022-05-19,28.99,29.31,29.49,28.7,137239,400805600.0,2.71,0.38,0.11,0.92
2022-05-20,29.27,29.08,29.53,28.88,155714,453351632.0,2.22,-0.78,-0.23,1.05
2022-05-23,29.0,28.95,29.05,28.35,156624,449282608.0,2.41,-0.45,-0.13,1.05
2022-05-24,28.98,29.03,29.35,28.5,164946,477896848.0,2.94,0.28,0.08,1.11
2022-05-25,28.8,29.5,29.96,28.55,181608,536069520.0,4.86,1.62,0.47,1.22
2022-05-26,29.5,29.21,29.75,28.89,137935,403687648.0,2.92,-0.98,-0.29,0.93
2022-05-27,29.21,28.9,29.72,28.73,132136,384716864.0,3.39,-1.06,-0.31,0.89
2022-05-30,28.89,28.19,28.94,28.11,188985,536204688.0,2.87,-2.46,-0.71,1.27
2022-05-31,28.21,28.34,28.65,27.71,239459,676627056.0,3.33,0.53,0.15,1.61
2022-06-01,28.39,27.36,28.5,27.08,294729,812351776.0,5.01,-3.46,-0.98,1.98
2022-06-02,27.23,26.81,27.23,26.62,215761,578729984.0,2.23,-2.01,-0.55,1.45
2022-06-06,26.81,26.67,26.81,26.1,218152,575360560.0,2.65,-0.52,-0.14,1.47
2022-06-07,26.66,26.95,27.32,26.4,254567,685851536.0,3.45,1.05,0.28,1.71
2022-06-08,26.95,27.31,27.6,26.8,232434,633330960.0,2.97,1.34,0.36,1.56
2022-06-09,27.31,27.37,28.09,27.28,251663,696283552.0,2.97,0.22,0.06,1.69
2022-06-10,27.2,27.8,27.91,27.13,180044,494999504.0,2.85,1.57,0.43,1.21
2022-06-13,27.5,28.32,28.37,27.48,224750,629345568.0,3.2,1.87,0.52,1.51
2022-06-14,28.19,28.8,28.88,27.9,200187,569708688.0,3.46,1.69,0.48,1.34
2022-06-15,28.78,28.73,29.06,28.6,212476,612863488.0,1.6,-0.24,-0.07,1.43
2022-06-16,28.73,29.64,29.97,28.71,256030,755133392.0,4.39,3.17,0.91,1.72
2022-06-17,29.5,29.9,29.97,29.3,195178,579201984.0,2.26,0.88,0.26,1.31
2022-06-20,29.8,29.42,30.16,29.35,204782,606927136.0,2.71,-1.61,-0.48,1.38
2022-06-21,29.43,29.14,29.69,28.85,192272,560179488.0,2.86,-0.95,-0.28,1.29
2022-06-22,29.14,28.99,29.5,28.81,130582,379813776.0,2.37,-0.51,-0.15,0.88
2022-06-23,29.03,28.97,29.15,28.6,120110,346741248.0,1.9,-0.07,-0.02,0.81
2022-06-24,28.89,29.2,29.56,28.86,151686,442714128.0,2.42,0.79,0.23,1.02
2022-06-27,29.2,29.48,29.78,29.2,169768,500200784.0,1.99,0.96,0.28,1.14
2022-06-28,29.33,29.14,29.48,28.78,154890,450074736.0,2.37,-1.15,-0.34,1.04
2022-06-29,29.01,28.64,29.34,28.56,156970,452320576.0,2.68,-1.72,-0.5,1.05
2022-06-30,28.7,29.3,29.58,28.64,187611,548546480.0,3.28,2.3,0.66,1.26
2022-07-01,29.19,29.29,29.62,28.91,117868,344440288.0,2.42,-0.03,-0.01,0.79
2022-07-04,29.6,30.36,30.36,29.45,296006,890170672.0,3.11,3.65,1.07,1.99
2022-07-05,30.39,29.82,30.54,29.42,220882,659810496.0,3.69,-1.78,-0.54,1.48
2022-07-06,29.64,28.95,29.64,28.64,161524,469299520.0,3.35,-2.92,-0.87,1.08
2022-07-07,28.9,28.56,29.09,28.37,135769,388703040.0,2.49,-1.35,-0.39,0.91
2022-07-08,28.6,28.4,28.89,28.3,109562,312824480.41,2.07,-0.56,-0.16,0.74
2022-07-11,28.4,28.18,28.6,27.88,129487,365256065.04,2.54,-0.77,-0.22,0.87
2022-07-12,28.18,28.09,28.6,28.0,105146,296736439.36,2.13,-0.32,-0.09,0.71
2022-07-13,28.13,27.88,28.21,27.8,110414,308776754.52,1.46,-0.75,-0.21,0.74
2022-07-14,27.88,27.32,27.92,27.26,169807,465780562.52,2.37,-2.01,-0.56,1.14
2022-07-15,27.27,27.11,27.65,27.08,115379,315523163.73,2.09,-0.77,-0.21,0.77
2022-07-18,27.2,27.16,27.3,26.8,148817,403042840.63,1.84,0.18,0.05,1.0
2022-07-19,27.16,27.0,27.49,26.85,256556,694400199.63,2.36,-0.59,-0.16,1.72
2022-07-20,27.14,27.21,27.33,26.9,191050,518755893.97,1.59,0.78,0.21,1.28
2022-07-21,27.22,26.85,27.37,26.8,166919,450593952.23,2.09,-1.32,-0.36,1.12
2022-07-22,26.9,26.41,26.95,26.35,167883,445663423.25,2.23,-1.64,-0.44,1.13
2022-07-25,26.42,26.46,26.57,26.15,117990,310775160.49,1.59,0.19,0.05,0.79
2022-07-26,26.46,26.45,26.68,26.31,116103,307260620.74,1.4,-0.04,-0.01,0.78
2022-07-27,26.4,26.32,26.48,26.2,82863,217833750.74,1.06,-0.49,-0.13,0.56
2022-07-28,26.38,26.57,26.63,26.33,112002,297128380.9,1.14,0.95,0.25,0.75
2022-07-29,26.57,26.83,26.87,26.32,150997,403463156.13,2.07,0.98,0.26,1.01
2022-08-01,26.84,26.51,26.89,26.4,115469,306622390.95,1.83,-1.19,-0.32,0.78
2022-08-02,26.36,25.64,26.4,25.35,166527,428352778.91,3.96,-3.28,-0.87,1.12
2022-08-03,25.6,25.33,25.91,25.3,112783,288778568.51,2.38,-1.21,-0.31,0.76
2022-08-04,25.39,25.85,25.85,25.25,81186,207733598.82,2.37,2.05,0.52,0.55
2022-08-05,25.85,26.7,26.76,25.71,145779,385156406.35,4.06,3.29,0.85,0.98
2022-08-08,26.69,26.81,27.14,26.57,89589,240675861.93,2.13,0.41,0.11,0.6
2022-08-09,26.81,26.36,26.81,26.3,76695,202549174.15,1.9,-1.68,-0.45,0.52
2022-08-10,26.34,25.97,26.47,25.77,86893,226259808.52,2.66,-1.48,-0.39,0.58
2022-08-11,26.11,26.53,26.67,26.02,90215,238155455.58,2.5,2.16,0.56,0.61
2022-08-12,26.54,26.8,26.93,26.49,89810,240285676.19,1.66,1.02,0.27,0.6
2022-08-15,26.76,26.83,26.95,26.55,82739,221710303.88,1.49,0.11,0.03,0.56
2022-08-16,26.83,26.89,26.99,26.72,76090,204551828.61,1.01,0.22,0.06,0.51
2022-08-17,27.31,26.66,27.36,26.64,170657,458964662.69,2.68,-0.86,-0.23,1.15
2022-08-18,26.57,26.2,26.6,26.1,116585,305539650.86,1.88,-1.73,-0.46,0.78
2022-08-19,26.2,26.21,26.52,26.1,91635,240936501.91,1.6,0.04,0.01,0.62
2022-08-22,26.21,26.27,26.49,26.2,74868,196936578.93,1.11,0.23,0.06,0.5
2022-08-23,26.26,26.0,26.26,25.95,90209,234854274.66,1.18,-1.03,-0.27,0.61
2022-08-24,26.01,26.38,26.6,25.99,158728,418672198.47,2.35,1.46,0.38,1.07
2022-08-25,26.39,26.67,26.75,26.39,104823,278761532.26,1.36,1.1,0.29,0.7
2022-08-26,26.7,26.8,27.12,26.68,146372,394167532.66,1.65,0.49,0.13,0.98
2022-08-29,26.62,26.45,26.87,26.27,124782,330542762.7,2.24,-1.31,-0.35,0.84
2022-08-30,26.4,26.69,26.69,26.1,89365,235956745.57,2.23,0.91,0.24,0.6
2022-08-31,26.5,26.81,26.92,26.32,113413,302536653.85,2.25,0.45,0.12,0.76
2022-09-01,26.8,26.54,26.8,26.5,100198,266515583.26,1.12,-1.01,-0.27,0.67
2022-09-02,26.43,26.38,26.73,26.18,97635,257596010.85,2.07,-0.6,-0.16,0.66
2022-09-05,26.38,25.93,26.48,25.41,139113,359447687.15,4.06,-1.71,-0.45,0.93
2022-09-06,25.93,26.15,26.26,25.75,104773,273005911.74,1.97,0.85,0.22,0.7
2022-09-07,26.15,25.69,26.2,25.61,118259,304873645.12,2.26,-1.76,-0.46,0.79
2022-09-08,25.78,25.58,25.85,25.55,62021,159027565.52,1.17,-0.43,-0.11,0.42
2022-09-09,25.58,25.88,25.97,25.45,95458,246196630.92,2.03,1.17,0.3,0.64
2022-09-13,25.92,26.05,26.3,25.91,102425,267431685.88,1.51,0.66,0.17,0.69
2022-09-14,25.85,26.01,26.08,25.55,77356,200241115.28,2.03,-0.15,-0.04,0.52
2022-09-15,25.55,25.41,25.58,25.2,97850,248534486.97,1.46,-2.31,-0.6,0.66
2022-09-16,25.31,24.71,25.45,24.6,111236,277427199.53,3.35,-2.75,-0.7,0.75
2022-09-19,24.7,24.89,25.03,24.2,74450,184202086.01,3.36,0.73,0.18,0.5
2022-09-20,24.89,24.75,25.04,24.63,65874,163150837.74,1.65,-0.56,-0.14,0.44
2022-09-21,24.74,24.24,24.74,24.14,98260,238517464.9,2.42,-2.06,-0.51,0.66
2022-09-22,24.11,23.81,24.11,23.8,79586,190498852.24,1.28,-1.77,-0.43,0.53
2022-09-23,23.79,23.7,23.98,23.4,99636,236033321.86,2.44,-0.46,-0.11,0.67
2022-09-26,23.67,23.6,23.94,23.36,66814,158545337.7,2.45,-0.42,-0.1,0.45
2022-09-27,23.61,24.4,24.46,23.61,86908,209234771.07,3.6,3.39,0.8,0.58
2022-09-28,24.41,24.13,24.54,24.05,66736,161899931.95,2.01,-1.11,-0.27,0.45
2022-09-29,24.39,24.19,24.61,24.07,75660,183960240.14,2.24,0.25,0.06,0.22
2022-09-30,24.1,24.46,24.52,23.91,90389,219770046.85,2.52,1.12,0.27,0.26
2022-10-10,24.46,24.39,24.91,24.2,104244,255972697.21,2.9,-0.29,-0.07,0.3
2022-10-11,24.39,24.17,24.39,23.96,63320,152639413.61,1.76,-0.9,-0.22,0.18
2022-10-12,24.17,24.33,24.49,23.74,68584,165467909.65,3.1,0.66,0.16,0.2
2022-10-13,24.23,24.79,25.07,24.11,107423,264982830.08,3.95,1.89,0.46,0.31
2022-10-14,24.83,25.19,25.28,24.8,111720,280358816.74,1.94,1.61,0.4,0.32
2022-10-17,25.11,25.02,25.26,24.92,71988,180023066.12,1.35,-0.67,-0.17,0.21
2022-10-18,25.12,25.02,25.33,24.93,87338,219206639.56,1.6,0.0,0.0,0.25
2022-10-19,25.02,24.54,25.06,24.5,89130,219710137.82,2.24,-1.92,-0.48,0.26
2022-10-20,24.48,24.81,25.0,24.43,85890,212645344.25,2.32,1.1,0.27,0.25
2022-10-21,24.84,24.73,25.07,24.64,60959,151354340.06,1.73,-0.32,-0.08,0.18
2022-10-24,24.73,23.79,24.89,23.65,123611,297485068.41,5.01,-3.8,-0.94,0.36
2022-10-25,23.57,24.56,24.75,23.42,162400,395353314.38,5.59,3.24,0.77,0.47
2022-10-26,24.4,24.42,24.78,24.25,109016,266861534.65,2.16,-0.57,-0.14,0.31
2022-10-27,24.3,24.08,24.64,24.05,81288,197440212.81,2.42,-1.39,-0.34,0.23
2022-10-28,24.08,23.12,24.14,23.0,140217,328988687.14,4.73,-3.99,-0.96,0.4
2022-10-31,23.16,22.78,23.39,22.65,92704,212166104.52,3.2,-1.47,-0.34,0.27
2022-11-01,22.79,23.88,23.9,22.79,110518,258989280.04,4.87,4.83,1.1,0.32
2022-11-02,23.88,24.18,24.35,23.75,78539,189531661.99,2.51,1.26,0.3,0.23
2022-11-03,24.05,23.9,24.14,23.75,65301,155926412.17,1.61,-1.16,-0.28,0.19
2022-11-04,23.89,24.43,24.68,23.8,98853,240837060.68,3.68,2.22,0.53,0.29
2022-11-07,24.3,24.51,24.64,24.2,60537,148210432.38,1.8,0.33,0.08,0.17
2022-11-08,24.48,24.26,24.72,24.06,70774,171757909.76,2.69,-1.02,-0.25,0.2
2022-11-09,24.26,24.09,24.36,24.08,44946,108553968.76,1.15,-0.7,-0.17,0.13
2022-11-10,24.04,24.3,24.36,23.9,58311,140981732.14,1.91,0.87,0.21,0.17
2022-11-11,24.7,24.75,24.96,24.44,135685,335287550.33,2.14,1.85,0.45,0.39
2022-11-14,24.88,24.82,25.3,24.8,104854,262041311.11,2.02,0.28,0.07,0.3
2022-11-15,24.82,25.12,25.22,24.8,92360,231479942.66,1.69,1.21,0.3,0.27
2022-11-16,25.0,24.98,25.25,24.92,67102,168369957.75,1.31,-0.56,-0.14,0.19
2022-11-17,24.98,25.39,25.54,24.91,111383,281946414.22,2.52,1.64,0.41,0.32
2022-11-18,25.41,25.1,25.61,25.1,72636,183469751.37,2.01,-1.14,-0.29,0.21
2022-11-21,24.99,25.25,25.26,24.55,85007,212151524.73,2.83,0.6,0.15,0.25
2022-11-22,25.03,24.94,25.3,24.93,52090,130602178.8,1.47,-1.23,-0.31,0.15
2022-11-23,24.94,25.12,25.24,24.73,70154,175678330.13,2.04,0.72,0.18,0.2
2022-11-24,25.16,25.3,25.35,25.01,65480,165126616.23,1.35,0.72,0.18,0.19
2022-11-25,25.21,25.46,25.55,25.05,80080,203263812.98,1.98,0.63,0.16,0.23
2022-11-28,25.15,25.0,25.21,24.82,78439,195682216.54,1.53,-1.81,-0.46,0.23
2022-11-29,25.2,25.4,25.51,25.04,85298,216114564.53,1.88,1.6,0.4,0.25
2022-11-30,25.39,25.26,25.73,25.07,99855,253278223.25,2.6,-0.55,-0.14,0.29
2022-12-01,25.45,25.77,25.82,25.45,145064,373207292.13,1.46,2.02,0.51,0.42
2022-12-02,25.73,25.69,25.91,25.58,116699,299914272.73,1.28,-0.31,-0.08,0.34
2022-12-05,25.89,25.7,26.0,25.65,119008,307129342.21,1.36,0.04,0.01,0.34
2022-12-06,25.7,26.1,26.42,25.59,141548,369739275.88,3.23,1.56,0.4,0.41
2022-12-07,26.1,26.15,26.35,25.92,106455,278100624.62,1.65,0.19,0.05,0.31
2022-12-08,26.07,25.65,26.09,25.63,128636,331263088.95,1.76,-1.91,-0.5,0.37
2022-12-09,25.67,25.66,25.7,25.09,255997,650348274.64,2.38,0.04,0.01,0.74
2022-12-12,25.5,25.47,25.83,25.4,123153,314865941.19,1.68,-0.74,-0.19,0.36
2022-12-13,25.45,25.74,26.02,25.23,124054,318835886.15,3.1,1.06,0.27,0.36
2022-12-14,25.72,25.93,25.94,25.56,84706,218504681.57,1.48,0.74,0.19,0.24
2022-12-15,25.96,25.42,25.99,25.38,94415,241594350.6,2.35,-1.97,-0.51,0.27
2022-12-16,25.31,25.59,25.65,25.25,70732,180105341.48,1.57,0.67,0.17,0.2
2022-12-19,25.59,25.13,25.96,25.08,104464,265853437.78,3.44,-1.8,-0.46,0.3
2022-12-20,25.2,24.75,25.2,24.58,91917,228321042.44,2.47,-1.51,-0.38,0.27
2022-12-21,24.8,24.93,25.24,24.65,58759,146792050.01,2.38,0.73,0.18,0.17
2022-12-22,25.01,25.3,25.64,25.01,90209,228725636.52,2.53,1.48,0.37,0.26
2022-12-23,25.16,25.22,25.44,25.01,58089,146537425.48,1.7,-0.32,-0.08,0.17
2022-12-26,25.3,25.41,25.52,25.22,78244,198927182.29,1.19,0.75,0.19,0.23
2022-12-27,25.46,25.67,25.9,25.29,93577,240011858.92,2.4,1.02,0.26,0.27
2022-12-28,25.62,25.47,25.74,25.34,84101,214462267.35,1.56,-0.78,-0.2,0.24
2022-12-29,25.34,25.45,25.64,25.27,69098,175875860.76,1.45,-0.08,-0.02,0.2
2022-12-30,25.57,25.93,25.98,25.42,151100,390022920.75,2.2,1.89,0.48,0.44
2023-01-03,25.92,25.71,26.08,25.58,129739,333589174.9,1.93,-0.85,-0.22,0.37
2023-01-04,25.62,25.65,25.78,25.49,66328,170087730.62,1.13,-0.23,-0.06,0.19
2023-01-05,25.65,25.83,25.95,25.58,96737,249662114.75,1.44,0.7,0.18,0.28
2023-01-06,25.8,25.66,25.83,25.5,76942,197046150.74,1.28,-0.66,-0.17,0.22
2023-01-09,25.66,25.69,25.79,25.48,78128,200154014.17,1.21,0.12,0.03,0.23
2023-01-10,25.7,25.63,25.84,25.51,84027,215391516.26,1.28,-0.23,-0.06,0.24
2023-01-11,25.58,25.31,25.63,25.29,81413,206818655.13,1.33,-1.25,-0.32,0.24
2023-01-12,25.25,25.17,25.39,25.08,63808,160778793.51,1.22,-0.55,-0.14,0.18
2023-01-13,25.16,25.81,25.82,25.11,128924,330315408.74,2.82,2.54,0.64,0.37
2023-01-16,25.96,26.22,26.45,25.9,145385,380968917.69,2.13,1.59,0.41,0.42
2023-01-17,26.34,25.88,26.34,25.55,140138,362382558.82,3.01,-1.3,-0.34,0.4
2023-01-18,25.99,25.6,26.07,25.41,118174,302750103.67,2.55,-1.08,-0.28,0.34
2023-01-19,25.48,25.67,25.69,25.27,95989,244620247.33,1.64,0.27,0.07,0.28
2023-01-20,25.7,25.6,25.77,25.45,108108,276215212.26,1.25,-0.27,-0.07,0.31
2023-01-30,25.8,25.68,25.9,25.59,133433,343458697.66,1.21,0.31,0.08,0.39
2023-01-31,25.55,25.5,25.96,25.5,111172,285288971.17,1.79,-0.7,-0.18,0.32
2023-02-01,25.5,25.82,25.82,25.4,122451,313318469.28,1.65,1.25,0.32,0.35
2023-02-02,25.87,25.93,26.06,25.63,157885,408664741.0,1.67,0.43,0.11,0.46
2023-02-03,25.81,25.5,25.89,25.3,146582,373834182.69,2.28,-1.66,-0.43,0.42
2023-02-06,25.38,25.16,25.39,25.07,125648,316085719.02,1.25,-1.33,-0.34,0.36
2023-02-07,25.2,25.21,25.25,25.1,66698,167817067.06,0.6,0.2,0.05,0.19
2023-02-08,25.2,25.08,25.24,25.04,64694,162425494.44,0.79,-0.52,-0.13,0.19
2023-02-09,25.03,25.19,25.22,25.02,56049,141043839.99,0.8,0.44,0.11,0.16
2023-02-10,25.21,25.29,25.37,25.16,66419,167885415.48,0.83,0.4,0.1,0.19
2023-02-13,25.34,25.73,25.73,25.25,152133,387888407.28,1.9,1.74,0.44,0.44
2023-02-14,25.74,26.18,26.66,25.73,284618,745865287.13,3.61,1.75,0.45,0.82
2023-02-15,26.28,26.17,26.31,25.92,132802,347016644.21,1.49,-0.04,-0.01,0.38
2023-02-16,26.22,25.88,26.46,25.72,148411,388124638.1,2.83,-1.11,-0.29,0.43
2023-02-17,25.9,25.99,26.45,25.86,144016,377266408.3,2.28,0.43,0.11,0.42
2023-02-20,26.0,26.42,26.51,25.86,186029,489219774.37,2.5,1.65,0.43,0.54
2023-02-21,26.47,26.71,26.98,26.42,282519,755301512.29,2.12,1.1,0.29,0.82
2023-02-22,26.62,26.73,26.88,26.55,111019,297038054.46,1.24,0.07,0.02,0.32
2023-02-23,26.77,26.77,27.27,26.63,175024,471485544.95,2.39,0.15,0.04,0.51
2023-02-24,26.7,26.56,26.78,26.45,103103,274146882.74,1.23,-0.78,-0.21,0.3
2023-02-27,26.49,26.5,26.77,26.3,91356,241929079.46,1.77,-0.23,-0.06,0.26
2023-02-28,26.49,26.48,26.64,26.35,93888,248866070.1,1.09,-0.08,-0.02,0.27
2023-03-01,26.59,26.84,26.85,26.45,108930,290759564.74,1.51,1.36,0.36,0.31
2023-03-02,26.75,26.66,26.84,26.58,84829,226243560.21,0.97,-0.67,-0.18,0.24
2023-03-03,26.6,26.58,26.75,26.35,106749,283157643.32,1.5,-0.3,-0.08,0.31
2023-03-06,26.6,26.59,26.87,26.54,96255,257033481.27,1.24,0.04,0.01,0.28
2023-03-07,26.51,25.92,26.62,25.88,135815,355597354.25,2.78,-2.52,-0.67,0.39
2023-03-08,25.92,25.8,26.0,25.7,84735,218692139.63,1.16,-0.46,-0.12,0.24
2023-03-09,25.9,25.61,25.96,25.57,71911,184864054.23,1.51,-0.74,-0.19,0.21
2023-03-10,25.5,25.35,25.69,25.3,95955,243903761.4,1.52,-1.02,-0.26,0.28
2023-03-13,25.31,25.6,25.66,25.3,79025,201655121.08,1.42,0.99,0.25,0.23
2023-03-14,25.5,25.51,26.0,25.36,95689,245241505.69,2.5,-0.35,-0.09,0.28
2023-03-15,25.77,25.58,25.86,25.5,71693,183871873.08,1.41,0.27,0.07,0.21
2023-03-16,25.58,25.3,25.65,25.24,84587,214845411.9,1.6,-1.09,-0.28,0.24
2023-03-17,25.44,25.19,25.47,25.12,94956,240157241.66,1.38,-0.43,-0.11,0.27
2023-03-20,25.19,24.8,25.19,24.7,123786,307732723.94,1.95,-1.55,-0.39,0.36
2023-03-21,24.89,25.21,25.25,24.76,75769,190275800.03,1.98,1.65,0.41,0.22
2023-03-22,25.26,25.19,25.42,25.11,61154,154375130.17,1.23,-0.08,-0.02,0.18
2023-03-23,25.15,25.3,25.32,25.03,48174,121576029.4,1.15,0.44,0.11,0.14
2023-03-24,25.33,25.38,25.52,25.24,72745,184868941.64,1.11,0.32,0.08,0.21
2023-03-27,25.4,25.35,25.53,25.22,74454,188971104.85,1.22,-0.12,-0.03,0.21
2023-03-28,25.35,25.49,25.6,25.31,67456,171863665.3,1.14,0.55,0.14,0.19
2023-03-29,25.76,25.69,25.89,25.39,106535,273136786.54,1.96,0.78,0.2,0.31
2023-03-30,25.7,25.69,25.8,25.47,81360,208599250.64,1.28,0.0,0.0,0.23
2023-03-31,25.7,25.94,26.1,25.68,123309,320082135.62,1.63,0.97,0.25,0.36
2023-04-03,25.9,25.98,26.07,25.74,112567,292140995.56,1.27,0.15,0.04,0.32
2023-04-04,26.01,26.11,26.32,25.93,111350,290862466.77,1.5,0.5,0.13,0.32
2023-04-06,26.11,26.25,26.33,26.0,104678,274307919.36,1.26,0.54,0.14,0.3
2023-04-07,26.26,26.08,26.45,26.06,73726,193096637.83,1.49,-0.65,-0.17,0.21
2023-04-10,26.1,25.95,26.1,25.85,80651,209195580.83,0.96,-0.5,-0.13,0.23
2023-04-11,26.0,25.96,26.25,25.85,73884,192076865.02,1.54,0.04,0.01,0.21
2023-04-12,25.96,25.7,26.0,25.7,80954,208792603.12,1.16,-1.0,-0.26,0.23
2023-04-13,25.7,25.78,25.99,25.6,70316,181545703.41,1.52,0.31,0.08,0.2
2023-04-14,25.79,25.7,25.9,25.68,62559,161114545.41,0.85,-0.31,-0.08,0.18
2023-04-17,25.7,26.02,26.09,25.66,85766,222312625.33,1.67,1.25,0.32,0.25
2023-04-18,26.07,26.65,26.72,26.0,192611,508881589.78,2.77,2.42,0.63,0.56
2023-04-19,26.65,26.34,26.65,26.26,92634,244253619.71,1.46,-1.16,-0.31,0.27
2023-04-20,26.4,26.4,26.56,26.27,83818,221435518.9,1.1,0.23,0.06,0.24
2023-04-21,26.31,26.17,26.7,26.1,93731,247168639.47,2.27,-0.87,-0.23,0.27
2023-04-24,26.18,25.83,26.22,25.65,90687,234764473.17,2.18,-1.3,-0.34,0.26
2023-04-25,25.85,26.11,26.13,25.71,93919,243565606.99,1.63,1.08,0.28,0.27
2023-04-26,26.0,25.31,26.0,25.15,172553,436894899.05,3.26,-3.06,-0.8,0.5
2023-04-27,24.58,24.65,24.78,24.21,106638,261731916.67,2.25,-2.61,-0.66,0.31
2023-04-28,24.64,24.95,25.05,24.63,90020,223772243.41,1.7,1.22,0.3,0.26
2023-05-04,24.95,25.09,25.19,24.8,101345,254065377.73,1.56,0.56,0.14,0.29
2023-05-05,25.09,24.89,25.23,24.8,84538,210865439.01,1.71,-0.8,-0.2,0.24
2023-05-08,25.2,25.37,25.7,25.16,138100,350363815.96,2.17,1.93,0.48,0.4
2023-05-09,25.36,25.46,26.05,25.15,150627,386136069.76,3.55,0.35,0.09,0.43
2023-05-10,25.64,25.6,25.72,25.3,100254,255613498.06,1.65,0.55,0.14,0.29
2023-05-11,25.52,25.34,25.72,25.2,71009,180327721.71,2.03,-1.02,-0.26,0.2
2023-05-12,25.22,25.29,25.61,25.16,57757,146216018.45,1.78,-0.2,-0.05,0.17
2023-05-15,25.28,25.29,25.35,24.9,74591,187251788.28,1.78,0.0,0.0,0.22
2023-05-16,25.27,25.79,25.79,25.17,131333,336259779.73,2.45,1.98,0.5,0.38
2023-05-17,25.79,25.13,25.79,24.93,130438,329282480.34,3.33,-2.56,-0.66,0.38
2023-05-18,25.1,24.86,25.15,24.73,86502,215624387.05,1.67,-1.07,-0.27,0.25
2023-05-19,24.78,25.0,25.05,24.67,52644,131160884.42,1.53,0.56,0.14,0.15
2023-05-22,25.01,25.5,25.54,24.94,103887,263481294.59,2.4,2.0,0.5,0.3
2023-05-23,25.49,25.34,25.64,25.32,59673,151734539.6,1.25,-0.63,-0.16,0.17
2023-05-24,25.35,25.03,25.4,24.93,65200,163550347.64,1.85,-1.22,-0.31,0.19
2023-05-25,24.96,24.97,25.07,24.8,61998,154527821.89,1.08,-0.24,-0.06,0.18
2023-05-26,24.98,24.98,25.0,24.81,35038,87283802.92,0.76,0.04,0.01,0.1
2023-05-29,24.98,24.8,25.05,24.59,70302,174030214.45,1.84,-0.72,-0.18,0.2
2023-05-30,24.73,24.72,24.82,24.38,64449,158369022.86,1.77,-0.32,-0.08,0.19
2023-05-31,24.6,24.58,24.67,24.4,63439,155541670.76,1.09,-0.57,-0.14,0.18
2023-06-01,24.4,24.33,24.65,24.24,92171,224599163.51,1.67,-1.02,-0.25,0.27
2023-06-02,24.33,24.67,24.71,24.33,66501,163258818.21,1.56,1.4,0.34,0.19
2023-06-05,24.66,24.52,24.66,24.45,41574,101954926.77,0.85,-0.61,-0.15,0.12
2023-06-06,24.52,24.32,24.62,24.3,58427,142730246.86,1.31,-0.82,-0.2,0.17
2023-06-07,24.35,24.38,24.44,24.24,33872,82508913.02,0.82,0.25,0.06,0.1
2023-06-08,24.38,24.68,24.73,24.35,62246,152981944.01,1.56,1.23,0.3,0.18
2023-06-09,24.64,24.74,24.83,24.49,60127,148387473.37,1.38,0.24,0.06,0.17
2023-06-12,24.72,24.87,24.95,24.58,49803,123618898.66,1.5,0.53,0.13,0.14
2023-06-13,24.8,24.9,24.98,24.74,42766,106251324.51,0.97,0.12,0.03,0.12
2023-06-14,24.9,24.9,25.05,24.84,61462,153387685.31,0.84,0.0,0.0,0.18
2023-06-15,25.0,25.07,25.19,24.87,58738,146957472.45,1.29,0.68,0.17,0.17
2023-06-16,25.07,24.94,25.2,24.85,62524,156009577.91,1.4,-0.52,-0.13,0.18
2023-06-19,24.95,24.63,25.01,24.6,66265,163951234.78,1.64,-1.24,-0.31,0.19
2023-06-20,24.64,24.52,24.71,24.49,42821,105105630.86,0.89,-0.45,-0.11,0.12
2023-06-21,24.49,24.48,24.63,24.47,41414,101643466.33,0.65,-0.16,-0.04,0.12
2023-06-26,24.4,24.32,24.44,24.06,71133,172338259.52,1.55,-0.65,-0.16,0.21
2023-06-27,24.32,24.35,24.44,24.2,48744,118665632.04,0.99,0.12,0.03,0.14
2023-06-28,24.3,24.5,24.51,24.26,41756,102000096.58,1.03,0.62,0.15,0.12
2023-06-29,24.45,24.41,24.6,24.37,47510,116123896.31,0.94,-0.37,-0.09,0.14
2023-06-30,24.41,24.49,24.56,24.38,45068,110341453.84,0.74,0.33,0.08,0.13
2023-07-03,24.5,24.66,24.76,24.41,67950,167344264.97,1.43,0.69,0.17,0.2
2023-07-04,24.66,24.66,24.68,24.51,37340,91879756.22,0.69,0.0,0.0,0.11
2023-07-05,24.62,24.4,24.66,24.3,44683,109211825.65,1.46,-1.05,-0.26,0.13
2023-07-06,24.35,24.23,24.47,24.15,52865,128350044.03,1.31,-0.7,-0.17,0.15
2023-07-07,24.23,24.32,24.37,24.17,35336,85800699.35,0.83,0.37,0.09,0.1
2023-07-10,24.32,24.5,24.53,24.32,54787,133954177.54,0.86,0.74,0.18,0.16
2023-07-11,24.5,24.45,24.55,24.25,45576,111130337.0,1.22,-0.2,-0.05,0.13
2023-07-12,24.47,24.29,24.53,24.25,53871,131329381.08,1.15,-0.65,-0.16,0.16
2023-07-13,24.44,24.54,24.55,24.29,65626,160452779.02,1.07,1.03,0.25,0.19
2023-07-14,24.53,24.5,24.53,24.36,53338,130237497.3,0.69,-0.16,-0.04,0.15
2023-07-17,24.38,24.37,24.42,24.24,43495,105833616.6,0.73,-0.53,-0.13,0.13
2023-07-18,24.41,24.28,24.42,24.25,54709,132918048.2,0.7,-0.37,-0.09,0.16
2023-07-19,24.24,24.33,24.34,24.04,55599,134799300.89,1.24,0.21,0.05,0.16
2023-07-20,24.33,24.27,24.4,24.24,40365,98214058.42,0.66,-0.25,-0.06,0.12
2023-07-21,24.24,24.45,24.52,24.21,60072,146632496.44,1.28,0.74,0.18,0.17
2023-07-24,24.45,24.32,24.45,24.24,47177,114674177.0,0.86,-0.53,-0.13,0.14
2023-07-25,24.43,24.54,24.56,24.37,80825,197880230.17,0.78,0.9,0.22,0.23
2023-07-26,24.51,24.7,24.71,24.5,65049,160161796.79,0.86,0.65,0.16,0.19
2023-07-27,24.7,24.66,24.85,24.6,74183,183393878.8,1.01,-0.16,-0.04,0.21
2023-07-28,24.65,25.03,25.05,24.62,123666,307842422.16,1.74,1.5,0.37,0.36
2023-07-31,25.13,25.24,25.45,25.11,121521,306986362.64,1.36,0.84,0.21,0.35
2023-08-01,25.24,25.22,25.48,25.17,95341,241231365.65,1.23,-0.08,-0.02,0.28
2023-08-02,25.21,25.18,25.43,25.06,74262,187028270.72,1.47,-0.16,-0.04,0.21
2023-08-03,25.15,25.33,25.35,25.0,80872,203887296.82,1.39,0.6,0.15,0.23
2023-08-04,25.45,25.29,25.55,25.24,87287,221518272.27,1.22,-0.16,-0.04,0.25
2023-08-07,25.3,25.26,25.42,25.2,69618,175931351.5,0.87,-0.12,-0.03,0.2
2023-08-08,25.26,25.39,25.39,25.15,70634,178755150.99,0.95,0.51,0.13,0.2
2023-08-09,25.39,25.44,25.45,25.22,76422,193811775.43,0.91,0.2,0.05,0.22
2023-08-10,25.43,25.43,25.52,25.2,55242,140048252.91,1.26,-0.04,-0.01,0.16
2023-08-11,25.48,25.08,25.48,25.04,69249,174460804.0,1.73,-1.38,-0.35,0.2
2023-08-14,24.96,24.98,25.04,24.76,61444,153042817.07,1.12,-0.4,-0.1,0.18
2023-08-15,25.06,24.94,25.1,24.73,56619,140910743.02,1.48,-0.16,-0.04,0.16
2023-08-16,25.48,25.66,25.74,25.15,220242,562683939.7,2.37,2.89,0.72,0.64
2023-08-17,25.48,25.47,25.56,25.23,119289,302700550.04,1.29,-0.74,-0.19,0.34
2023-08-18,25.37,25.28,25.47,25.26,80716,204551784.72,0.82,-0.75,-0.19,0.23
2023-08-21,25.26,25.24,25.53,25.17,99909,253202284.26,1.42,-0.16,-0.04,0.29
2023-08-22,25.26,25.09,25.49,24.88,103850,260879603.53,2.42,-0.59,-0.15,0.3
2023-08-23,25.08,25.09,25.3,25.03,69361,174686016.04,1.08,0.0,0.0,0.2
2023-08-24,25.09,25.63,25.7,25.03,131405,335148061.17,2.67,2.15,0.54,0.38
2023-08-25,25.64,25.83,25.98,25.6,134673,347591634.0,1.48,0.78,0.2,0.39
2023-08-28,26.6,26.15,26.9,25.86,203125,532122343.59,4.03,1.24,0.32,0.59
2023-08-29,26.02,26.39,26.72,25.78,192611,506254876.81,3.59,0.92,0.24,0.56
2023-08-30,26.3,26.83,27.05,26.21,265683,711689967.96,3.18,1.67,0.44,0.77
2023-08-31,26.65,26.86,27.05,26.61,140691,377607213.08,1.64,0.11,0.03,0.41
2023-09-01,26.86,26.89,27.0,26.5,143342,382823078.26,1.86,0.11,0.03,0.41
2023-09-04,26.89,26.63,27.07,26.59,167248,448634940.48,1.79,-0.97,-0.26,0.48
2023-09-05,26.6,26.79,27.03,26.48,141765,379144245.94,2.07,0.6,0.16,0.41
2023-09-06,26.69,26.66,26.79,26.57,60805,162181631.86,0.82,-0.49,-0.13,0.18
2023-09-07,26.6,26.63,26.8,26.58,76375,203797828.85,0.83,-0.11,-0.03,0.22
2023-09-08,26.54,26.69,26.74,26.36,87303,231562208.0,1.43,0.23,0.06,0.25
2023-09-11,25.99,25.84,25.99,25.62,126025,324651869.8,1.39,-3.18,-0.85,0.36
2023-09-12,25.8,26.47,26.65,25.74,165694,436665009.18,3.52,2.44,0.63,0.48
2023-09-13,26.45,26.45,26.52,26.33,85552,225929420.05,0.72,-0.08,-0.02,0.25
2023-09-14,26.45,26.51,26.62,26.34,81156,214986921.0,1.06,0.23,0.06,0.23
2023-09-15,26.63,26.52,26.94,26.35,129422,344237249.24,2.23,0.04,0.01,0.37
2023-09-18,26.4,26.59,26.62,26.2,104529,276108222.27,1.58,0.26,0.07,0.3
2023-09-19,26.53,27.1,27.1,26.41,215255,579348889.12,2.59,1.92,0.51,0.62
2023-09-20,27.1,27.22,27.5,26.88,129528,352965888.45,2.29,0.44,0.12,0.37
2023-09-21,27.35,26.68,27.39,26.65,117898,316834747.57,2.72,-1.98,-0.54,0.34
2023-09-22,26.98,26.71,26.99,26.44,88612,236382222.39,2.06,0.11,0.03,0.26
2023-09-25,26.9,26.6,26.93,26.53,90381,241388489.84,1.5,-0.41,-0.11,0.26
2023-09-26,26.6,26.49,26.66,26.42,60798,161273294.34,0.9,-0.41,-0.11,0.18
2023-09-27,26.59,26.63,26.78,26.45,76936,204764950.71,1.25,0.53,0.14,0.22
2023-09-28,26.68,26.39,26.74,26.0,73541,193981472.92,2.78,-0.9,-0.24,0.21
2023-10-09,26.36,26.5,26.67,26.0,109477,289440405.47,2.54,0.42,0.11,0.32
2023-10-10,26.48,26.39,26.78,26.36,77405,205008987.0,1.58,-0.42,-0.11,0.22
2023-10-11,26.39,26.34,26.63,26.24,55085,145406535.59,1.48,-0.19,-0.05,0.16
2023-10-12,26.5,26.37,26.61,26.27,58496,154494154.47,1.29,0.11,0.03,0.17
2023-10-13,26.33,26.14,26.33,26.1,57822,151338801.16,0.87,-0.87,-0.23,0.17
2023-10-16,26.1,26.05,26.25,25.94,69668,181598447.6,1.19,-0.34,-0.09,0.2
2023-10-17,26.14,26.1,26.17,25.95,45479,118597310.93,0.84,0.19,0.05,0.13
2023-10-18,26.01,25.9,26.17,25.83,55451,143942527.75,1.3,-0.77,-0.2,0.16
2023-10-19,25.78,25.3,25.8,25.28,80102,203929069.33,2.01,-2.32,-0.6,0.23
2023-10-20,25.3,25.1,25.36,25.02,52510,132091445.08,1.34,-0.79,-0.2,0.15
2023-10-23,25.0,25.28,25.44,25.0,68774,173658127.68,1.75,0.72,0.18,0.2
2023-10-24,25.3,25.31,25.42,25.02,69233,174924120.0,1.58,0.12,0.03,0.2
2023-10-25,25.9,25.7,25.96,25.17,108093,276034044.22,3.12,1.54,0.39,0.31
2023-10-26,25.56,25.95,26.21,25.51,94161,243637204.85,2.72,0.97,0.25,0.27
2023-10-27,25.9,26.25,26.4,25.82,78459,205559349.41,2.24,1.16,0.3,0.23
2023-10-30,26.24,26.11,26.54,26.04,63458,166273892.0,1.9,-0.53,-0.14,0.18
2023-10-31,26.21,26.21,26.26,26.01,45188,118058285.38,0.96,0.38,0.1,0.13
2023-11-01,26.36,26.35,26.4,26.13,58878,154875630.65,1.03,0.53,0.14,0.17
2023-11-02,26.35,26.35,26.54,26.2,42113,110968446.44,1.29,0.0,0.0,0.12
2023-11-03,26.35,26.31,26.52,26.22,67995,179320019.4,1.14,-0.15,-0.04,0.2
2023-11-06,26.26,25.82,26.35,25.8,101330,262522335.01,2.09,-1.86,-0.49,0.29
2023-11-07,25.79,25.97,26.04,25.77,65849,170749409.66,1.05,0.58,0.15,0.19
2023-11-08,25.95,25.88,25.98,25.68,63000,162567440.03,1.16,-0.35,-0.09,0.18
2023-11-09,25.79,25.8,25.93,25.66,42134,108551056.8,1.04,-0.31,-0.08,0.12
2023-11-10,25.79,25.71,25.85,25.56,47314,121401948.0,1.12,-0.35,-0.09,0.14
2023-11-13,25.69,25.55,25.75,25.26,73976,188230619.0,1.91,-0.62,-0.16,0.21
2023-11-14,25.58,25.65,25.96,25.54,67270,172952735.2,1.64,0.39,0.1,0.19
2023-11-15,25.76,25.78,25.81,25.6,45438,116826819.0,0.82,0.51,0.13,0.13
2023-11-16,25.74,25.62,25.8,25.47,45628,116854193.0,1.28,-0.62,-0.16,0.13
2023-11-17,25.61,25.41,25.69,25.34,42479,107963846.0,1.37,-0.82,-0.21,0.12
2023-11-20,25.41,25.8,25.9,25.35,68655,176201125.78,2.16,1.53,0.39,0.2
2023-11-21,25.88,25.8,25.98,25.77,46832,121085826.42,0.81,0.0,0.0,0.14
2023-11-22,25.68,25.83,25.93,25.68,36480,94287237.0,0.97,0.12,0.03,0.11
2023-11-23,25.81,25.83,25.89,25.63,41809,107605496.0,1.01,0.0,0.0,0.12
2023-11-24,25.87,26.02,26.05,25.79,65993,171317863.03,1.01,0.74,0.19,0.19
2023-11-27,26.0,25.92,26.0,25.63,66857,172628349.96,1.42,-0.38,-0.1,0.19
2023-11-28,25.85,26.02,26.03,25.77,57222,148338702.55,1.0,0.39,0.1,0.17
2023-11-29,26.13,25.93,26.13,25.83,45271,117406915.9,1.15,-0.35,-0.09,0.13
2023-11-30,25.93,26.1,26.14,25.81,76287,198349299.4,1.27,0.66,0.17,0.22
2023-12-01,26.1,25.94,26.17,25.8,86311,224328827.02,1.42,-0.61,-0.16,0.25
2023-12-04,25.8,25.94,26.1,25.65,74216,192416804.07,1.73,0.0,0.0,0.21
2023-12-05,25.87,25.83,26.14,25.82,85109,221279765.97,1.23,-0.42,-0.11,0.25
2023-12-06,25.83,25.92,26.01,25.53,78173,201810557.5,1.86,0.35,0.09,0.23
2023-12-07,25.84,26.13,26.24,25.65,81010,210325013.75,2.28,0.81,0.21,0.23
2023-12-08,26.08,26.18,26.36,25.98,128930,337212836.78,1.45,0.19,0.05,0.37
2023-12-11,25.97,25.79,25.99,25.23,135194,345708443.62,2.9,-1.49,-0.39,0.39
2023-12-12,25.76,25.88,26.05,25.7,79111,204651124.13,1.36,0.35,0.09,0.23
2023-12-13,25.88,25.8,25.98,25.76,88489,228905372.0,0.85,-0.31,-0.08,0.26
2023-12-14,25.85,25.65,25.93,25.6,60700,156004044.1,1.28,-0.58,-0.15,0.18
2023-12-15,25.65,25.36,25.73,25.36,74314,189497304.57,1.44,-1.13,-0.29,0.21
2023-12-18,25.29,25.41,25.45,25.18,59374,150621718.1,1.06,0.2,0.05,0.17
2023-12-19,25.38,25.47,25.54,25.16,51273,129977042.44,1.5,0.24,0.06,0.15
2023-12-20,25.47,25.26,25.68,25.26,64001,162982373.05,1.65,-0.82,-0.21,0.18
2023-12-21,25.27,25.43,25.45,25.12,70682,178623616.0,1.31,0.67,0.17,0.2
2023-12-22,25.43,25.5,25.59,25.28,60543,154252923.69,1.22,0.28,0.07,0.17
2023-12-25,25.41,25.98,26.0,25.4,76621,197192873.7,2.35,1.88,0.48,0.22
2023-12-26,25.99,26.14,26.21,25.95,89613,234080215.0,1.0,0.62,0.16,0.26
2023-12-27,26.13,26.46,26.52,26.03,93752,246612432.28,1.87,1.22,0.32,0.27
2023-12-28,26.46,26.7,26.81,26.34,134229,356872568.71,1.78,0.91,0.24,0.39
2023-12-29,26.68,26.71,26.8,26.49,95844,255257965.44,1.16,0.04,0.01,0.28
2024-01-02,26.66,26.56,26.83,26.55,98343,261887207.74,1.05,-0.56,-0.15,0.28
2024-01-03,26.48,26.58,26.71,26.4,94634,251551209.95,1.17,0.08,0.02,0.27
2024-01-04,26.6,26.63,26.68,26.46,81926,217454589.14,0.83,0.19,0.05,0.24
2024-01-05,26.63,26.7,26.95,26.48,126431,338169248.24,1.76,0.26,0.07,0.36
2024-01-08,26.69,26.64,27.0,26.61,112800,301721229.72,1.46,-0.22,-0.06,0.33
2024-01-09,26.63,26.55,26.67,26.25,79289,210437592.36,1.58,-0.34,-0.09,0.23
2024-01-10,26.51,26.88,27.08,26.45,160634,431425666.68,2.37,1.24,0.33,0.46
2024-01-11,26.81,26.59,27.15,26.49,96795,258818973.99,2.46,-1.08,-0.29,0.28
2024-01-12,26.58,26.9,26.99,26.51,98566,264950473.81,1.81,1.17,0.31,0.28
2024-01-15,26.71,27.24,27.3,26.71,140286,379838422.93,2.19,1.26,0.34,0.4
2024-01-16,27.18,27.31,27.53,27.04,108619,296063266.52,1.8,0.26,0.07,0.31
2024-01-17,27.3,27.11,27.44,27.1,119018,324982173.52,1.24,-0.73,-0.2,0.34
2024-01-18,27.1,27.23,27.38,26.5,162742,437150338.14,3.25,0.44,0.12,0.47
2024-01-19,27.27,27.12,27.46,27.05,106826,291096832.89,1.51,-0.4,-0.11,0.31
2024-01-22,27.1,26.72,27.3,26.56,149517,404121837.52,2.73,-1.47,-0.4,0.43
2024-01-23,26.67,27.2,27.22,26.59,124497,335033449.0,2.36,1.8,0.48,0.36
2024-01-24,27.21,27.42,27.42,26.93,140298,382099130.5,1.8,0.81,0.22,0.41
2024-01-25,27.42,27.95,27.95,27.29,165066,457992892.16,2.41,1.93,0.53,0.48
2024-01-26,27.83,28.2,28.33,27.62,166551,465780275.24,2.54,0.89,0.25,0.48
2024-01-29,28.15,28.22,28.43,27.93,141065,397186390.43,1.77,0.07,0.02,0.41
2024-01-30,28.12,28.19,28.38,27.99,126630,357335302.06,1.38,-0.11,-0.03,0.37
2024-01-31,28.01,28.44,28.58,27.9,194757,552525575.55,2.41,0.89,0.25,0.56
2024-02-01,28.38,28.45,28.78,28.31,146736,417582096.31,1.65,0.04,0.01,0.42
2024-02-02,28.34,28.18,28.76,27.51,183153,516976753.06,4.39,-0.95,-0.27,0.53
2024-02-05,28.0,29.1,29.3,28.0,270454,777687270.98,4.61,3.26,0.92,0.78
2024-02-06,28.98,29.38,29.96,28.68,310149,912555618.21,4.4,0.96,0.28,0.9
2024-02-07,29.15,29.4,29.52,28.83,247765,723526055.49,2.35,0.07,0.02,0.72
2024-02-08,29.2,28.57,29.2,27.68,312329,885122002.09,5.17,-2.82,-0.83,0.9
2024-02-19,28.34,29.31,29.4,27.76,230696,666805564.73,5.74,2.59,0.74,0.67
2024-02-20,28.96,29.78,29.87,28.96,152596,452455841.52,3.1,1.6,0.47,0.44
2024-02-21,29.78,29.79,30.06,29.48,149964,448719308.71,1.95,0.03,0.01,0.43
2024-02-22,29.8,29.97,30.0,29.56,93009,277423512.4,1.48,0.6,0.18,0.27
2024-02-23,30.0,29.7,30.02,29.57,144506,429546614.54,1.5,-0.9,-0.27,0.42
2024-02-26,29.56,29.44,29.91,29.41,97231,287670313.5,1.68,-0.88,-0.26,0.28
2024-02-27,29.44,29.39,29.73,29.15,91315,268352103.38,1.97,-0.17,-0.05,0.26
2024-02-28,29.36,29.36,29.57,29.0,98587,289141337.02,1.94,-0.1,-0.03,0.28
2024-02-29,29.25,29.22,29.43,29.05,138150,403886887.05,1.29,-0.48,-0.14,0.4
2024-03-01,29.18,29.14,29.37,28.86,125138,364044885.14,1.75,-0.27,-0.08,0.36
2024-03-04,29.01,29.56,29.71,28.77,151211,440950822.92,3.23,1.44,0.42,0.44
2024-03-05,29.34,29.9,29.94,29.32,137434,406774190.09,2.1,1.15,0.34,0.4
2024-03-06,29.8,29.42,30.04,29.38,111948,331929937.44,2.21,-1.61,-0.48,0.32
2024-03-07,29.51,29.82,29.86,29.25,123913,367029095.78,2.07,1.36,0.4,0.36
2024-03-08,29.71,29.29,30.1,29.11,139950,412327311.82,3.32,-1.78,-0.53,0.4
2024-03-11,29.28,29.13,29.41,28.82,151361,440282189.23,2.01,-0.55,-0.16,0.44
2024-03-12,29.01,28.56,29.1,28.36,175213,500593742.25,2.54,-1.96,-0.57,0.51
2024-03-13,28.53,28.33,28.64,28.16,121921,345557782.52,1.68,-0.81,-0.23,0.35
2024-03-14,28.3,28.49,28.63,28.01,103471,294525957.31,2.19,0.56,0.16,0.3
2024-03-15,28.48,28.61,28.75,28.3,99288,283056158.0,1.58,0.42,0.12,0.29
2024-03-18,28.44,28.81,28.87,28.31,104285,298847569.61,1.96,0.7,0.2,0.3
2024-03-19,28.73,28.58,28.84,28.57,70130,201219155.19,0.94,-0.8,-0.23,0.2
2024-03-20,28.58,28.76,28.84,28.32,74082,212441711.18,1.82,0.63,0.18,0.21
2024-03-21,28.77,28.62,28.8,28.23,102336,291546919.83,1.98,-0.49,-0.14,0.3
2024-03-22,28.62,28.46,28.74,28.31,76848,218865786.42,1.5,-0.56,-0.16,0.22
2024-03-25,28.37,28.3,28.65,28.3,80989,230485145.5,1.23,-0.56,-0.16,0.23
2024-03-26,28.31,28.57,28.86,28.27,105520,301380460.59,2.08,0.95,0.27,0.3
2024-03-27,27.0,25.87,27.37,25.8,590566,1552275782.26,5.5,-9.45,-2.7,1.7
2024-03-28,25.85,25.78,25.97,25.3,334122,857767067.86,2.59,-0.35,-0.09,0.96
2024-03-29,25.7,26.25,26.3,25.6,217608,565753132.58,2.72,1.82,0.47,0.63
2024-04-01,26.23,26.72,26.81,25.87,242039,637034980.33,3.58,1.79,0.47,0.7
2024-04-02,26.55,26.85,26.98,26.33,165526,441663412.56,2.43,0.49,0.13,0.48
2024-04-03,26.78,26.65,26.93,26.62,87977,235192042.68,1.15,-0.74,-0.2,0.25
2024-04-08,26.56,26.74,27.0,26.36,115383,308525311.69,2.4,0.34,0.09,0.33
2024-04-09,26.74,26.55,26.75,26.13,101100,267220196.6,2.32,-0.71,-0.19,0.29
2024-04-10,26.46,26.7,27.08,26.4,131850,353164440.0,2.56,0.56,0.15,0.38
2024-04-11,26.6,26.88,27.06,26.53,89746,241473308.65,1.99,0.67,0.18,0.26
2024-04-12,26.86,26.87,27.14,26.77,91852,247584512.4,1.38,-0.04,-0.01,0.27
2024-04-15,26.84,26.93,27.1,26.65,123199,331767039.01,1.67,0.22,0.06,0.36
2024-04-16,26.86,27.01,27.38,26.8,145212,393875905.54,2.15,0.3,0.08,0.42
2024-04-17,27.02,26.99,27.18,26.55,137668,370155261.83,2.33,-0.07,-0.02,0.4
2024-04-18,26.9,27.6,28.03,26.81,194170,536433772.07,4.52,2.26,0.61,0.56
2024-04-19,27.53,27.58,27.78,27.4,83417,230192827.3,1.38,-0.07,-0.02,0.24
2024-04-22,27.56,27.53,27.83,27.4,101851,281185550.0,1.56,-0.18,-0.05,0.29
2024-04-23,26.9,27.19,27.58,26.25,207253,558929956.18,4.83,-1.24,-0.34,0.6
2024-04-24,27.37,27.43,27.47,26.93,101893,277653655.82,1.99,0.88,0.24,0.29
2024-04-25,27.4,27.4,27.58,27.26,75116,205990549.56,1.17,-0.11,-0.03,0.22
2024-04-26,26.88,27.0,27.1,26.73,91383,246400147.4,1.35,-1.46,-0.4,0.26
2024-04-29,26.94,26.9,27.13,26.7,104245,280629921.24,1.59,-0.37,-0.1,0.3
2024-04-30,26.73,26.94,27.12,26.73,78081,210738307.64,1.45,0.15,0.04,0.23
2024-05-06,26.93,26.52,27.05,26.28,186862,494938370.84,2.86,-1.56,-0.42,0.54
2024-05-07,26.45,26.34,26.5,26.12,114462,301269993.34,1.43,-0.68,-0.18,0.33
2024-05-08,26.31,26.63,26.78,26.15,129928,344936700.31,2.39,1.1,0.29,0.38
2024-05-09,26.58,26.5,26.6,26.21,100722,265840915.59,1.46,-0.49,-0.13,0.29
2024-05-10,26.49,26.7,26.86,26.42,95393,254652541.72,1.66,0.75,0.2,0.28
2024-05-13,26.69,26.5,26.7,26.27,95111,251614836.43,1.61,-0.75,-0.2,0.27
2024-05-14,26.47,26.26,26.49,26.22,96981,255104071.72,1.02,-0.91,-0.24,0.28
2024-05-15,26.23,25.81,26.29,25.8,113925,295198805.01,1.87,-1.71,-0.45,0.33
2024-05-16,25.79,25.45,25.85,25.4,176639,451899608.25,1.74,-1.39,-0.36,0.51
2024-05-17,25.49,25.68,25.69,25.41,101485,259361533.6,1.1,0.9,0.23,0.29
2024-05-20,25.8,25.99,26.23,25.78,150522,391630423.28,1.75,1.21,0.31,0.43
2024-05-21,25.99,25.98,26.11,25.82,70690,183652690.2,1.12,-0.04,-0.01,0.2
2024-05-22,26.0,25.86,26.05,25.76,72154,186493912.8,1.12,-0.46,-0.12,0.21
2024-05-23,25.82,25.52,25.97,25.44,85268,218147538.45,2.05,-1.31,-0.34,0.25
2024-05-24,25.44,25.54,25.72,25.35,57042,145832836.6,1.45,0.08,0.02,0.16
2024-05-27,25.59,25.91,25.93,25.3,107402,275065122.35,2.47,1.45,0.37,0.31
2024-05-28,25.8,25.7,25.98,25.69,80285,207106625.68,1.12,-0.81,-0.21,0.23
2024-05-29,25.65,25.8,25.85,25.52,56906,146273547.5,1.28,0.39,0.1,0.16
2024-05-30,25.75,25.51,25.89,25.45,61319,157196267.19,1.71,-1.12,-0.29,0.18
2024-05-31,25.54,25.34,25.6,25.18,135619,343331686.63,1.65,-0.67,-0.17,0.39
