code,name
300787,海能实业
300739,明阳电路
301041,金百泽
301251,威尔高
301176,逸豪新材
300656,民德电子
300293,蓝英装备
300903,科翔股份
000037,深南电A
002356,赫美集团
603132,金徽股份
601028,玉龙股份
003026,中晶科技
605258,协和电子
600171,上海贝岭
605090,九丰能源
605358,立昂微
601138,工业富联
600724,宁波富达
603530,神马电力
003008,开普检测
603500,祥和实业
002579,中京电子
600807,济南高新
300721,怡达股份
002815,崇达技术
600766,退市园城
301307,美利信
300993,玉马遮阳
300139,晓程科技
301418,协昌科技
301566,达利凯普
002676,顺威股份
301369,联动科技
300852,四会富仕
603105,芯能科技
603353,和顺石油
300831,派瑞股份
002273,水晶光电
600428,中远海特
300964,本川智能
600647,退市同达
300643,万通智控
300856,科思股份
300666,江丰电子
603565,中谷物流
002869,金溢科技
002922,伊戈尔
300576,容大感光
301328,维峰电子
603078,江化微
601702,华峰铝业
003043,华亚智能
002849,威星智能
300308,中际旭创
301282,金禄电子
300717,华信新材
688052,纳芯微
300812,易天股份
002938,鹏鼎控股
000933,神火股份
600501,航天晨光
301331,恩威医药
301525,儒竞科技
300722,新余国科
603933,睿能科技
300078,思创医惠
605058,澳弘电子
002039,黔源电力
600803,新奥股份
002444,巨星科技
600757,长江传媒
300866,安克创新
301026,浩通科技
688183,生益电子
002156,通富微电
600531,豫光金铅
688347,华虹公司
688053,思科瑞
603725,天安新材
601225,陕西煤业
600690,海尔智家
300067,安诺其
600547,山东黄金
002416,爱施德
000938,紫光股份
002463,沪电股份
000975,银泰黄金
601020,华钰矿业
301421,波长光电
301297,富乐德
300814,中富电路
000422,湖北宜化
601088,中国神华
002773,康弘药业
002138,顺络电子
600101,明星电力
601899,紫金矿业
688361,中科飞测
603290,斯达半导
002916,深南电路
601766,中国中车
300936,中英科技
603993,洛阳钼业
600546,山煤国际
688037,芯源微
300046,台基股份
600027,华电国际
000333,美的集团
300347,泰格医药
600096,云天化
600795,国电电力
300906,日月明
601100,恒立液压
600350,山东高速
000528,柳    工
002198,嘉应制药
600584,长电科技
000683,远兴能源
688301,奕瑞科技
600988,赤峰黄金
600312,平高电气
300706,阿石创
300537,广信材料
600060,海信视像
301359,东南电子
688120,华海清科
600031,三一重工
300632,光莆股份
301348,蓝箭电子
000520,凤凰航运
002128,电投能源
000977,浪潮信息
601898,中煤能源
688630,芯碁微装
600026,中远海能
603160,汇顶科技
601022,宁波远洋
603296,华勤技术
301368,丰立智能
600895,张江高科
601857,中国石油
002119,康强电子
300641,正丹股份
000425,徐工机械
601600,中国铝业
688578,艾力斯
600938,中国海油
601168,西部矿业
000543,皖能电力
300128,锦富技术
301489,思泉新材
601001,晋控煤业
688072,拓荆科技
603168,莎普爱思
002895,川恒股份
002252,上海莱士
002831,裕同科技
300476,胜宏科技
600989,宝丰能源
600642,申能股份
601058,赛轮轮胎
601118,海南橡胶
002077,大港股份
002652,扬子新材
000021,深科技
002374,中锐股份
001286,陕西能源
600489,中金黄金
301306,西测测试
002601,龙佰集团
603383,顶点软件
301312,智立方
688126,沪硅产业
003816,中国广核
600011,华能国际
601567,三星医疗
600161,天坛生物
002028,思源电气
301059,金三江
600062,华润双鹤
301048,金鹰重工
300697,电工合金
601156,东航物流
000983,山西焦煤
600993,马应龙
600750,江中药业
603816,顾家家居
301042,安联锐视
603298,杭叉集团
600582,天地科技
600660,福耀玻璃
002281,光迅科技
601872,招商轮船
301512,智信精密
600348,华阳股份
603650,彤程新材
601126,四方股份
000338,潍柴动力
600469,风神股份
300723,一品红
600575,淮河能源
601919,中远海控
000034,神州数码
002371,北方华创
603779,威龙股份
300394,天孚通信
688359,三孚新科
300346,南大光电
600329,达仁堂
300054,鼎龙股份
600373,中文传媒
600863,内蒙华电
000807,云铝股份
000651,格力电器
688981,中芯国际
600511,国药股份
600123,兰花科创
601000,唐山港
002223,鱼跃医疗
002192,融捷股份
300040,九洲集团
603228,XD景旺电
301132,满坤科技
600919,江苏银行
300041,回天新材
000423,东阿阿胶
600129,太极集团
600755,厦门国贸
002653,海思科
002716,湖南白银
002091,江苏国泰
601598,中国外运
301379,天山电子
688187,时代电气
601975,招商南油
603337,杰克股份
688506,百利天恒-U
688139,XD海尔生
000830,鲁西化工
300864,南大环境
002155,湖南黄金
002595,豪迈科技
002756,永兴材料
002563,森马服饰
002641,公元股份
688652,京仪装备
600497,驰宏锌锗
001979,招商蛇口
300573,兴齐眼药
600508,上海能源
600563,法拉电子
600150,中国船舶
000902,新洋丰
000999,华润三九
002749,国光股份
000028,国药一致
603283,赛腾股份
600572,康恩贝
000100,TCL科技
300751,迈为股份
600028,中国石化
600188,兖矿能源
001288,运机集团
600998,九州通
603393,新天然气
601958,金钼股份
000429,粤高速Ａ
000878,云南铜业
301587,中瑞股份
600346,恒力石化
600219,南山铝业
002851,麦格米特
002648,卫星化学
605155,西大门
600873,XD梅花生
600941,XD中国移
000921,海信家电
000682,东方电子
301004,嘉益股份
600683,京投发展
300429,强力新材
001337,四川黄金
601800,中国交建
601231,环旭电子
603556,海兴电力
301031,中熔电气
601991,大唐发电
002737,葵花药业
603378,亚士创能
000039,中集集团
600461,洪城环境
000554,泰山石油
601666,平煤股份
002206,海 利 得
601136,首创证券
000612,焦作万方
002552,宝鼎科技
600085,同仁堂
000636,风华高科
300215,电科院
000603,盛达资源
600875,东方电气
600230,沧州大化
688102,斯瑞新材
000737,北方铜业
600566,济川药业
002078,太阳纸业
301061,匠心家居
300458,全志科技
001872,招商港口
600765,中航重机
600362,江西铜业
600710,苏美达
603005,晶方科技
600163,中闽能源
600426,华鲁恒升
600961,株冶集团
605162,新中港
002064,华峰化学
000598,兴蓉环境
000630,铜陵有色
002655,共达电声
603896,寿仙谷
601127,赛力斯
000157,中联重科
601390,中国中铁
600309,万华化学
600141,兴发集团
000988,华工科技
605499,东鹏饮料
300818,耐普矿机
002353,杰瑞股份
002475,立讯精密
601229,上海银行
603019,XD中科曙
000818,航锦科技
603172,万丰股份
001301,尚太科技
600483,福能股份
000960,锡业股份
688213,思特威-W
601928,凤凰传媒
000408,藏格矿业
600600,青岛啤酒
300052,中青宝
688319,欧林生物
601098,中南传媒
601298,青岛港
601009,南京银行
600377,宁沪高速
300083,创世纪
600406,国电南瑞
301502,华阳智能
601816,京沪高铁
002241,歌尔股份
601808,中海油服
603619,中曼石油
601113,华鼎股份
600785,新华百货
600398,XD海澜之
600887,伊利股份
000875,吉电股份
301511,德福科技
300496,中科创达
601728,中国电信
600177,雅戈尔
600201,生物股份
000993,闽东电力
300502,新易盛
603519,立霸股份
603100,川仪股份
300019,硅宝科技
301329,信音电子
600976,健民集团
000513,丽珠集团
600719,大连热电
600323,瀚蓝环境
002149,西部材料
603375,盛景微
002436,兴森科技
688777,中控技术
601825,沪农商行
300475,香农芯创
300736,百邦科技
600592,龙溪股份
300655,晶瑞电材
002003,伟星股份
603130,云中马
601019,山东出版
002508,老板电器
000937,冀中能源
002828,贝肯能源
601169,北京银行
601186,中国铁建
300623,捷捷微电
300750,宁德时代
002736,国信证券
300761,立华股份
600971,恒源煤电
600380,健康元
601069,西部黄金
002984,森麒麟
603757,大元泵业
603322,超讯通信
600098,广州发展
600578,京能电力
000063,中兴通讯
300457,赢合科技
600021,上海电力
002129,TCL中环
000426,兴业银锡
300882,万胜智能
601939,建设银行
601083,锦江航运
601006,大秦铁路
000001,平安银行
600744,华银电力
601699,潞安环能
000552,甘肃能化
000628,高新发展
600113,浙江东日
603313,梦百合
601061,中信金属
603338,浙江鼎力
600900,长江电力
600007,中国国贸
600970,中材国际
603260,合盛硅业
688513,苑东生物
603689,皖天然气
002270,华明装备
603089,正裕工业
300913,兆龙互连
603871,嘉友国际
000060,中金岭南
601811,XD新华文
603225,新凤鸣
002001,新 和 成
000538,云南白药
600282,南钢股份
688266,泽璟制药-U
301190,善水科技
600901,江苏金租
600025,华能水电
600505,西昌电力
688198,佰仁医疗
300124,汇川技术
002027,分众传媒
600023,浙能电力
688300,XD联瑞新
688019,安集科技
300760,迈瑞医疗
600256,广汇能源
300998,宁波方正
300433,蓝思科技
301099,雅创电子
600066,宇通客车
601369,XD陕鼓动
603167,渤海轮渡
601633,长城汽车
601166,兴业银行
688498,源杰科技
000923,河钢资源
603198,XD迎驾贡
600548,深高速
002466,天齐锂业
002237,恒邦股份
002818,富森美
002032,苏 泊 尔
300191,潜能恒信
600621,华鑫股份
002384,东山精密
688085,三友医疗
688426,康为世纪
605377,华旺科技
600160,巨化股份
002460,赣锋锂业
600036,招商银行
688396,华润微
300373,扬杰科技
688469,芯联集成-U
603931,格林达
603605,珀莱雅
603219,富佳股份
603133,退市碳元
601998,中信银行
601988,中国银行
601838,成都银行
601398,工商银行
601077,渝农商行
601005,重庆钢铁
600933,爱柯迪
600916,中国黄金
600894,广日股份
600886,国投电力
600420,国药现代
600306,退市商城
600299,安迪苏
600176,中国巨石
300577,开润股份
300408,三环集团
002847,盐津铺子
002839,张家港行
002807,江阴银行
002340,格林美
000521,长虹美菱
600132,重庆啤酒
300776,帝尔激光
600761,安徽合力
688686,奥普特
300557,理工光科
600845,宝信软件
603920,世运电路
002913,奥士康
605111,新洁能
603486,科沃斯
688603,天承科技
300474,景嘉微
600977,中国电影
600737,中粮糖业
601918,新集能源
600885,宏发股份
601827,三峰环境
002608,江苏国信
002244,滨江集团
688676,金盘科技
000027,深圳能源
300014,亿纬锂能
603766,隆鑫通用
600019,宝钢股份
603477,巨星农牧
600012,皖通高速
605599,菜百股份
600820,隧道股份
688439,振华风光
002738,中矿资源
600583,海油工程
000883,湖北能源
688009,中国通号
600521,华海药业
601668,中国建筑
600729,重庆百货
601669,中国电建
601717,郑煤机
688268,华特气体
688702,盛科通信-U
601985,中国核电
688419,耐科装备
600269,赣粤高速
002600,领益智造
600104,上汽集团
003006,百亚股份
603979,金诚信
601288,农业银行
002293,罗莱生活
688059,华锐精密
603501,韦尔股份
603883,老百姓
600383,金地集团
600968,海油发展
300480,光力科技
600519,贵州茅台
002705,新宝股份
300049,福瑞股份
600131,国网信通
688569,XD铁科轨
603606,东方电缆
600030,中信证券
600801,华新水泥
603855,华荣股份
301308,江波龙
688408,中信博
601139,深圳燃气
000703,恒逸石化
603588,高能环境
600833,第一医药
300416,苏试试验
300979,华利集团
600663,陆家嘴
600926,杭州银行
600233,圆通速递
601016,节能风电
600332,白云山
600285,羚锐制药
300498,温氏股份
600956,新天绿能
600585,海螺水泥
601212,白银有色
002746,仙坛股份
603068,博通集成
002484,江海股份
002154,报 喜 鸟
301366,一博科技
300628,亿联网络
601866,中远海发
603379,三美股份
002201,正威新材
601607,上海医药
603355,莱克电气
000758,中色股份
600048,保利发展
000932,华菱钢铁
000915,华特达因
601128,常熟银行
603056,德邦股份
002311,海大集团
688271,联影医疗
002493,荣盛石化
000400,许继电气
688433,华曙高科
601665,齐鲁银行
002966,苏州银行
600325,华发股份
000726,鲁  泰Ａ
601328,交通银行
002372,伟星新材
600236,桂冠电力
600114,XD东睦股
600050,中国联通
000166,申万宏源
002701,奥瑞金
300759,康龙化成
300001,特锐德
000951,中国重汽
600995,南网储能
600395,盘江股份
300563,神宇股份
600436,片仔癀
002130,沃尔核材
000848,承德露露
603195,DR公牛集
601900,南方传媒
600487,亨通光电
688234,天岳先进
600000,浦发银行
600612,老凤祥
002932,明德生物
002158,汉钟精机
000725,京东方Ａ
002539,云图控股
600999,招商证券
600837,海通证券
600741,华域汽车
603658,安图生物
601216,XD君正集
300181,佐力药业
001965,招商公路
688012,中微公司
002409,雅克科技
688501,青达环保
002668,TCL智家
002202,金风科技
600094,大名城
600018,上港集团
603786,科博达
600057,厦门象屿
301285,鸿日达
603868,飞科电器
600089,特变电工
600888,新疆众和
300910,瑞丰新材
688385,复旦微电
600908,无锡银行
600764,中国海防
002152,广电运通
603050,科林电气
300002,神州泰岳
002221,东华能源
600707,彩虹股份
002948,青岛银行
688691,灿芯股份
601921,浙版传媒
601989,中国重工
000858,五 粮 液
601595,上海电影
600015,华夏银行
600331,宏达股份
600515,海南机场
001289,龙源电力
601658,邮储银行
000155,川能动力
601021,春秋航空
600673,东阳光
600039,四川路桥
002532,天山铝业
301015,百洋医药
688596,正帆科技
600191,华资实业
600704,物产中大
600153,建发股份
601326,秦港股份
000786,北新建材
300529,健帆生物
688111,金山办公
600816,建元信托
002318,久立特材
600835,上海机电
603368,柳药集团
603324,盛剑环境
688190,XD云路股
002517,恺英网络
300146,汤臣倍健
600079,人福医药
001203,大中矿业
600328,中盐化工
601916,浙商银行
601688,华泰证券
600452,涪陵电力
688100,威胜信息
000719,中原传媒
000571,新大洲A
002533,金杯电工
600143,金发科技
603707,健友股份
002997,瑞鹄模具
600987,航民股份
600872,中炬高新
600595,中孚实业
301358,湖南裕能
601117,中国化学
603699,纽威股份
001914,招商积余
601577,长沙银行
688123,聚辰股份
002096,易普力
603341,龙旗科技
600295,鄂尔多斯
002698,博实股份
605011,杭州热电
600925,苏能股份
002216,三全食品
300855,图南股份
603369,今世缘
603508,思维列控
300857,协创数据
688003,天准科技
000680,山推股份
300796,贝斯美
603259,药明康德
600688,上海石化
300406,九强生物
601319,中国人保
600115,中国东航
000792,盐湖股份
688475,萤石网络
600522,中天科技
301039,中集车辆
001323,慕思股份
001215,千味央厨
301236,软通动力
603288,海天味业
603929,亚翔集成
600016,民生银行
002088,鲁阳节能
000690,宝新能源
688425,铁建重工
603889,新澳股份
000895,双汇发展
688391,钜泉科技
601111,中国国航
600479,千金药业
600075,新疆天业
600529,山东药玻
300059,东方财富
603939,益丰药房
600674,川投能源
300567,精测电子
603215,比依股份
001380,华纬科技
300017,网宿科技
002487,大金重工
603899,晨光股份
000963,华东医药
603826,坤彩科技
600368,五洲交通
002837,英维克
001389,广合科技
601966,玲珑轮胎
002690,美亚光电
600415,小商品城
600320,振华重工
600985,淮北矿业
000088,盐 田 港
603156,养元饮品
300033,同花顺
603529,爱玛科技
688281,华秦科技
601799,XD星宇股
300570,太辰光
002276,万马股份
600809,山西汾酒
600337,美克家居
002230,科大讯飞
688192,迪哲医药-U
600004,白云机场
603063,XD禾望电
688409,富创精密
300765,新诺威
002415,海康威视
600559,老白干酒
601333,广深铁路
300319,麦捷科技
000688,国城矿业
600549,厦门钨业
002867,周大生
600035,楚天高速
002930,宏川智慧
600598,北大荒
601868,中国能建
600352,浙江龙盛
688819,天能股份
000708,中信特钢
300811,铂科新材
603128,华贸物流
601818,光大银行
601555,东吴证券
002053,云南能投
600623,华谊集团
002739,万达电影
600459,贵研铂业
000600,建投能源
688548,广钢气体
002312,川发龙蟒
002594,比亚迪
601788,光大证券
300497,富祥药业
000723,美锦能源
601881,中国银河
600125,铁龙物流
601615,明阳智能
603679,华体科技
601155,新城控股
600301,华锡有色
688112,鼎阳科技
300671,富满微
300999,金龙鱼
300009,安科生物
002179,中航光电
002429,兆驰股份
688628,优利德
601865,福莱特
301035,润丰股份
300636,同和药业
601233,桐昆股份
300604,长川科技
600073,XD上海梅
688082,盛美上海
002352,顺丰控股
002543,万和电气
601211,国泰君安
688253,XD英诺特
601609,XD金田股
605183,确成股份
002233,塔牌集团
603358,华达科技
688789,宏华数科
688248,南网科技
000966,长源电力
301036,双乐股份
600997,开滦股份
688608,恒玄科技
688539,高华科技
605086,龙高股份
300481,濮阳惠成
003035,南网能源
603119,浙江荣泰
002304,洋河股份
600008,首创环保
603922,金鸿顺
600388,龙净环保
601677,明泰铝业
002911,佛燃能源
600196,复星医药
600641,万业企业
601399,国机重装
600655,豫园股份
002511,中顺洁柔
000968,蓝焰控股
002425,凯撒文化
601187,厦门银行
002019,亿帆医药
601636,旗滨集团
603568,伟明环保
301538,骏鼎达
300332,天壕能源
002226,江南化工
600378,昊华科技
603085,天成自控
600905,三峡能源
002541,鸿路钢构
688008,XD澜起科
603878,武进不锈
600017,日照港
605020,永和股份
603008,XD喜临门
600138,中青旅
600867,通化东宝
603516,淳中科技
688278,特宝生物
002745,木林森
605598,上海港湾
605589,圣泉集团
600644,乐山电力
000825,太钢不锈
300631,久吾高科
000002,万  科Ａ
600211,西藏药业
300236,上海新阳
000778,新兴铸管
300917,特发服务
600871,石化油服
000657,中钨高新
002390,信邦制药
300095,华伍股份
002478,常宝股份
603713,密尔克卫
605368,蓝天燃气
688169,石头科技
688525,佰维存储
600717,天津港
600486,扬农化工
300109,新开源
601963,重庆银行
301388,欣灵电气
600061,国投资本
002299,圣农发展
600928,西安银行
600893,航发动力
002430,杭氧股份
002920,德赛西威
300619,金银河
600740,山西焦化
601222,林洋能源
300849,锦盛新材
600685,中船防务
688188,柏楚电子
601860,XD紫金银
600251,冠农股份
601877,正泰电器
300192,科德教育
300618,寒锐钴业
000672,上峰水泥
000927,中国铁物
601528,瑞丰银行
600111,北方稀土
603053,成都燃气
603733,仙鹤股份
600787,XD中储股
601568,北元集团
603392,万泰生物
603983,丸美股份
688016,心脉医疗
002262,恩华药业
001213,中铁特货
600779,水井坊
001227,兰州银行
600848,上海临港
002978,安宁股份
601033,永兴股份
002080,中材科技
300003,乐普医疗
002714,牧原股份
000415,渤海租赁
601997,贵阳银行
600535,天士力
601515,东峰集团
603551,奥普家居
601608,中信重工
600507,方大特钢
300470,中密控股
300482,万孚生物
002294,信立泰
002550,千红制药
001309,德明利
000617,中油资本
603886,元祖股份
000539,粤电力Ａ
601059,信达证券
601366,利群股份
600339,中油工程
601888,中国中免
601995,中金公司
688212,澳华内镜
002423,中粮资本
600517,国网英大
600499,科达制造
002884,凌霄泵业
002034,旺能环境
300345,华民股份
688076,诺泰生物
000403,派林生物
603328,依顿电子
002572,索菲亚
000739,普洛药业
603693,江苏新能
002597,金禾实业
601038,一拖股份
600170,上海建工
688157,松井股份
600267,海正药业
603515,欧普照明
000887,中鼎股份
600369,西南证券
688575,亚辉龙
002422,科伦药业
688289,圣湘生物
300197,节能铁汉
002314,南山控股
688520,神州细胞-U
002408,齐翔腾达
688387,信科移动-U
000581,威孚高科
002011,盾安环境
688623,双元科技
600029,南方航空
000707,双环科技
600310,广西能源
000898,鞍钢股份
000685,中山公用
000650,仁和药业
601339,百隆东方
603587,地素时尚
300316,晶盛机电
600760,中航沈飞
603778,国晟科技
603505,金石资源
688728,格科微
603027,千禾味业
603833,欧派家居
002507,涪陵榨菜
002249,大洋电机
002236,大华股份
601158,重庆水务
601360,XD三六零
600808,马钢股份
000782,美达股份
000828,东莞控股
603589,口子窖
000962,东方钽业
300575,中旗股份
600771,广誉远
600874,创业环保
603233,大参林
688366,昊海生科
300685,艾德生物
301259,艾布鲁
605333,沪光股份
600897,厦门空港
600038,中直股份
600206,XD有研新
300832,新产业
002588,史丹利
601801,皖新传媒
300592,华凯易佰
000582,北部湾港
688375,国博电子
601018,宁波港
300260,新莱应材
301589,诺瓦星云
600064,南京高科
000709,河钢股份
601882,海天精工
600918,中泰证券
002958,青农商行
688073,毕得医药
601969,海南矿业
000012,南  玻Ａ
600703,三安光电
601318,中国平安
600033,福建高速
600246,万通发展
688018,乐鑫科技
600208,新湖中宝
600183,生益科技
002452,长高电新
603162,海通发展
300715,凯伦股份
002008,大族激光
000831,中国稀土
300223,北京君正
601238,广汽集团
605166,聚合顺
300957,贝泰妮
688349,三一重能
002797,第一创业
002182,宝武镁业
002042,华孚时尚
603010,万盛股份
002925,盈趣科技
603858,步长制药
688698,伟创电气
300858,科拓生物
601880,辽港股份
300327,中颖电子
601990,南京证券
600216,浙江医药
300616,尚品宅配
600648,外高桥
300257,开山股份
000695,滨海能源
000791,甘肃能源
600596,新安股份
600009,上海机场
688432,有研硅
688121,卓然股份
002850,科达利
600425,青松建化
603179,新泉股份
600909,华安证券
601618,中国中冶
601311,骆驼股份
300428,立中集团
601628,中国人寿
000596,古井贡酒
688106,金宏气体
002483,润邦股份
000899,赣能股份
002203,海亮股份
600637,东方明珠
688798,艾为电子
601089,福元医药
300859,西域旅游
600248,陕建股份
300203,聚光科技
002185,华天科技
300036,超图软件
002274,华昌化工
000591,太阳能
600509,天富能源
600458,时代新材
603220,中贝通信
002327,富安娜
002926,华西证券
300724,捷佳伟创
002558,巨人网络
600167,联美控股
600783,鲁信创投
300908,仲景食品
603836,海程邦达
002139,拓邦股份
600273,嘉化能源
002956,西麦食品
002936,郑州银行
603069,海汽集团
002687,乔治白
603599,广信股份
000089,深圳机场
002049,紫光国微
601066,中信建投
600859,王府井
000301,东方盛虹
600742,一汽富维
002697,红旗连锁
300820,英杰电气
600958,东方证券
600032,浙江新能
688255,凯尔达
688489,三未信安
000876,新 希 望
605158,华达新材
600982,宁波能源
600782,新钢股份
600116,三峡水利
600702,舍得酒业
600639,浦东金桥
000090,天健集团
300398,飞凯材料
688099,晶晨股份
688220,翱捷科技-U
000050,深天马Ａ
603919,金徽酒
300833,浩洋股份
600784,鲁银投资
002545,东方铁塔
600502,安徽建工
600200,江苏吴中
603507,振江股份
600389,江山股份
002555,三七互娱
002142,宁波银行
688658,悦康药业
000959,首钢股份
300851,交大思诺
603706,东方环宇
603978,深圳新星
688484,南芯科技
002893,京能热力
603236,移远通信
603035,XD常熟汽
000156,华数传媒
002025,航天电器
000811,冰轮环境
603367,辰欣药业
601375,中原证券
000783,长江证券
002568,百润股份
600516,方大炭素
605009,豪悦护理
300144,宋城演艺
688352,颀中科技
301362,民爆光电
603867,新化股份
000922,佳电股份
000563,陕国投Ａ
600618,氯碱化工
002897,意华股份
003000,劲仔食品
000728,国元证券
688363,华熙生物
301269,华大九天
002833,弘亚数控
603607,京华激光
000882,华联股份
600182,S佳通
002643,万润股份
300442,润泽科技
300464,星徽股份
002215,诺 普 信
000568,泸州老窖
600482,中国动力
300415,伊之密
603043,广州酒家
000731,四川美丰
603186,华正新材
603893,瑞芯微
301160,翔楼新材
000738,航发控制
002768,国恩股份
002063,远光软件
300617,安靠智电
300552,万集科技
688793,倍轻松
688362,甬矽电子
300207,欣旺达
002432,九安医疗
000096,广聚能源
300783,三只松鼠
000729,燕京啤酒
603323,苏农银行
002043,兔 宝 宝
000967,盈峰环境
000661,长春高新
300538,同益股份
600635,大众公用
002126,银轮股份
002267,陕天然气
002007,华兰生物
600959,江苏有线
603067,XD振华股
605016,DR百龙创
688717,艾罗能源
002014,永新股份
000550,江铃汽车
688685,迈信林
300418,昆仑万维
301068,大地海洋
002056,横店东磁
688661,和林微纳
600745,闻泰科技
601108,财通证券
601200,上海环境
688305,科德数控
000026,飞亚达
000987,越秀资本
688332,中科蓝讯
002939,长城证券
688502,茂莱光学
688550,瑞联新材
688559,海目星
688249,晶合集成
601878,浙商证券
603356,华菱精工
600861,北京人力
688267,中触媒
600500,中化国际
600720,中交设计
002222,福晶科技
600390,五矿资本
600675,中华企业
601121,宝地矿业
600667,太极实业
000930,中粮科技
600056,中国医药
688047,龙芯中科
688147,微导纳米
601228,广州港
600109,国金证券
603690,至纯科技
603153,上海建科
601456,国联证券
000768,中航西飞
300633,开立医疗
603237,五芳斋
002864,盘龙药业
600293,三峡新材
000911,广农糖业
002159,三特索道
601377,兴业证券
002081,金 螳 螂
600460,士兰微
603683,晶华新材
600498,烽火通信
002821,凯莱英
603277,银都股份
002458,益生股份
603235,天新药业
600597,光明乳业
603799,华友钴业
300115,长盈精密
600699,均胜电子
688386,泛亚微透
300244,迪安诊断
600197,伊力特
001282,三联锻造
601336,新华保险
002677,浙江美大
603986,兆易创新
600259,广晟有色
300638,广和通
000727,冠捷科技
603528,多伦科技
300444,双杰电气
300676,华大基因
000031,大悦城
603997,继峰股份
601198,东兴证券
300558,贝达药业
000869,张  裕Ａ
600929,雪天盐业
002378,章源钨业
002035,华帝股份
000750,国海证券
601500,通用股份
300791,仙乐健康
300487,蓝晓科技
603209,XD兴通股
002991,甘源食品
002465,海格通信
601696,中银证券
003022,联泓新科
300677,英科医疗
301286,侨源股份
000066,中国长城
000623,吉林敖东
600480,凌云股份
002351,漫步者
600713,南京医药
603936,博敏电子
600210,紫江企业
688709,成都华微
601601,中国太保
603129,春风动力
605005,合兴股份
688299,长阳科技
688122,西部超导
300708,聚灿光电
002500,山西证券
000958,电投产融
603665,康隆达
001256,炜冈科技
688566,吉贝尔
300888,稳健医疗
002332,仙琚制药
003021,兆威机电
603885,吉祥航空
000404,长虹华意
605116,XD奥锐特
600126,杭钢股份
600193,创兴资源
600422,昆药集团
688535,华海诚科
603708,家家悦
301500,飞南资源
688719,爱科赛博
601107,四川成渝
688239,航宇科技
603600,永艺股份
688127,蓝特光学
603596,伯特利
002335,科华数据
300945,曼卡龙
603638,艾迪精密
300938,信测标准
000526,学大教育
600315,上海家化
601901,方正证券
301568,思泰克
002322,理工能科
600649,城投控股
000762,西藏矿业
300919,中伟股份
600158,中体产业
002016,世荣兆业
600372,中航机载
000893,亚钾国际
002456,欧菲光
002029,七 匹 狼
603678,火炬电子
601727,上海电气
600879,航天电子
600361,创新新材
000686,东北证券
600475,华光环能
000767,晋控电力
300283,温州宏丰
603578,三星新材
600528,中铁工业
002472,双环传动
002320,海峡股份
603669,灵康药业
300911,亿田智能
605169,洪通燃气
600827,百联股份
603239,浙江仙通
000900,现代投资
300653,正海生物
600363,联创光电
300545,联得装备
603300,华铁应急
002461,珠江啤酒
002050,三花智控
600063,皖维高新
600258,首旅酒店
688297,中无人机
600127,金健米业
601199,江南水务
002960,青鸟消防
000822,山东海化
600692,亚通股份
601952,苏垦农发
300452,山河药辅
000776,广发证券
300114,中航电测
600963,岳阳林纸
688036,传音控股
002258,利尔化学
300488,恒锋工具
300088,长信科技
000531,穗恒运Ａ
301518,长华化学
000969,安泰科技
300174,元力股份
002020,京新药业
688046,药康生物
002626,金达威
688146,中船特气
002841,视源股份
600399,抚顺特钢
688155,先惠技术
605099,共创草坪
600577,精达股份
603058,永吉股份
600252,中恒集团
002947,恒铭达
002959,小熊电器
600862,中航高科
002315,焦点科技
002763,汇洁股份
002242,九阳股份
300119,瑞普生物
002275,桂林三金
603031,安孚科技
300070,碧水源
688065,凯赛生物
300842,帝科股份
600877,电科芯片
600268,国电南自
688093,世华科技
603227,雪峰科技
603567,珍宝岛
600955,维远股份
000751,锌业股份
688279,峰岹科技
688526,科前生物
603611,诺力股份
300136,信维通信
301387,光大同创
002171,楚江新材
603013,亚普股份
002856,美芝股份
300012,华测检测
300251,光线传媒
688002,睿创微纳
002468,申通快递
600456,宝钛股份
603360,百傲化学
603967,中创物流
000559,万向钱潮
300803,指南针
603305,旭升集团
601099,太平洋
688041,海光信息
688519,南亚新材
600409,三友化工
000036,华联控股
000997,新 大 陆
002654,万润科技
002100,天康生物
000537,中绿电
688105,诺唯赞
600496,精工钢构
301353,普莱得
603061,金海通
002048,宁波华翔
002497,雅化集团
002266,浙富控股
300383,光环新网
603612,索通发展
002150,通润装备
000544,中原环保
603727,博迈科
301219,腾远钴业
300702,天宇股份
605168,三人行
688584,上海合晶
605507,国邦医药
603203,快克智能
300757,罗博特科
000800,一汽解放
603317,天味食品
600606,绿地控股
300873,海晨股份
300705,九典制药
300748,金力永磁
688693,锴威特
002393,力生制药
688029,南微医学
002506,协鑫集成
000722,湖南发展
002706,良信股份
300673,佩蒂股份
002004,华邦健康
002965,祥鑫科技
301161,唯万密封
600276,恒瑞医药
601068,中铝国际
600305,恒顺醋业
600821,金开新能
600839,四川长虹
301162,国能日新
002637,赞宇科技
688209,英集芯
603299,苏盐井神
000078,海王生物
300285,国瓷材料
688389,普门科技
688600,皖仪科技
300870,欧陆通
002732,燕塘乳业
301377,鼎泰高科
002726,龙大美食
603000,人民网
688368,晶丰明源
301371,敷尔佳
600173,卧龙地产
002557,洽洽食品
603648,畅联股份
603060,国检集团
688720,艾森股份
688166,博瑞医药
002134,天津普林
000755,山西高速
300876,蒙泰高新
605077,华康股份
600586,金晶科技
600287,江苏舜天
603170,宝立食品
301498,乖宝宠物
600792,云煤能源
603180,金牌厨柜
688336,三生国健
300896,爱美客
002531,天顺风能
002439,启明星辰
002010,传化智联
603306,华懋科技
301141,中科磁业
002603,以岭药业
600059,古越龙山
688571,杭华股份
300296,利亚德
601968,宝钢包装
600449,宁夏建材
688318,财富趋势
002683,广东宏大
601512,中新集团
300657,弘信电子
603386,骏亚科技
002180,纳思达
300463,迈克生物
002228,合兴包装
300679,电连技术
600763,通策医疗
601992,金隅集团
600657,信达地产
002061,浙江交科
605365,立达信
301363,美好医疗
603755,日辰股份
003012,东鹏控股
002428,云南锗业
301202,朗威股份
002033,丽江股份
002917,金奥博
600155,华创云信
600966,博汇纸业
002438,江苏神通
000970,中科三环
605567,春雪食品
000049,德赛电池
002479,富春环保
600906,财达证券
601137,博威合金
601106,中国一重
600681,百川能源
002498,汉缆股份
000756,新华制药
600601,方正科技
601065,江盐集团
002120,韵达股份
603113,金能科技
300294,博雅生物
002051,中工国际
001299,美能能源
300323,华灿光电
300039,上海凯宝
000410,沈阳机床
000488,晨鸣纸业
300740,水羊股份
002402,和而泰
000555,神州信息
600512,腾达建设
600570,恒生电子
688401,路维光电
300841,康华生物
603806,福斯特
002170,芭田股份
603901,永创智能
688293,奥浦迈
002338,奥普光电
688235,百济神州-U
300848,美瑞新材
300738,奥飞数据
300037,新宙邦
603208,江山欧派
002582,好想你
002986,宇新股份
603345,安井食品
688538,和辉光电-U
600195,中牧股份
600037,歌华有线
002240,盛新锂能
688217,睿昂基因
600166,福田汽车
000885,城发环境
000517,荣安地产
002394,联发股份
000799,酒鬼酒
300105,龙源技术
002840,华统股份
603033,三维股份
603408,建霖家居
600567,山鹰国际
300834,星辉环材
300580,贝斯特
300015,爱尔眼科
300384,三联虹普
600490,鹏欣资源
603279,景津装备
300782,卓胜微
688739,成大生物
000402,金 融 街
688376,美埃科技
300951,博硕科技
601611,中国核建
600054,黄山旅游
688766,XR普冉股
002074,国轩高科
600748,上实发展
000777,中核科技
300171,东富龙
002399,海普瑞
600020,中原高速
603193,润本股份
600780,通宝能源
300314,戴维医疗
603301,振德医疗
601163,三角轮胎
603456,九洲药业
300735,光弘科技
603730,岱美股份
002287,奇正藏药
002673,西部证券
600967,内蒙一机
600996,贵广网络
600573,惠泉啤酒
603308,应流股份
002605,姚记科技
600340,华夏幸福
001219,青岛食品
001238,浙江正特
688290,景业智能
301301,川宁生物
688612,威迈斯
603439,贵州三力
688549,中巨芯-U
603101,汇嘉时代
600628,新世界
000625,长安汽车
300962,中金辐照
301087,可孚医疗
000507,珠海港
688270,臻镭科技
600694,大商股份
300731,科创新源
000011,深物业A
600308,华泰股份
600120,浙江东方
000567,海德股份
002859,洁美科技
300121,阳谷华泰
002602,世纪华通
000990,诚志股份
000655,金岭矿业
600824,益民集团
000795,英洛华
688137,近岸蛋白
603297,XD永新光
688516,奥特维
603291,联合水务
688629,XD华丰科
300893,松原股份
301191,菲菱科思
601015,陕西黑猫
600789,鲁抗医药
600266,城建发展
002727,一心堂
600552,凯盛科技
600185,格力地产
300694,蠡湖股份
000877,天山股份
000718,苏宁环球
002317,众生药业
600684,珠江股份
688472,阿特斯
603737,三棵树
600776,东方通信
300413,芒果超媒
002419,天虹股份
603927,中科软
600864,哈投股份
300274,阳光电源
000691,亚太实业
300224,正海磁材
000928,中钢国际
688351,微电生理-U
601718,际华集团
603938,三孚股份
601698,中国卫通
000905,厦门港务
688075,安旭生物
605288,凯迪股份
002326,永太科技
688677,海泰新光
601236,红塔证券
002946,新乳业
600826,兰生股份
688627,精智达
688610,埃科光电
600834,申通地铁
600751,海航科技
002204,大连重工
603055,XD台华新
002254,泰和新材
688536,思瑞浦
300699,光威复材
002389,航天彩虹
002060,广东建工
002136,安 纳 达
600643,爱建集团
688420,美腾科技
603108,润达医疗
300729,乐歌股份
300525,博思软件
002707,众信旅游
300695,兆丰股份
300122,智飞生物
688153,唯捷创芯
603199,XD九华旅
688090,瑞松科技
000411,英特集团
600736,苏州高新
002391,长青股份
300773,拉卡拉
688141,杰华特
002536,飞龙股份
688180,君实生物-U
600562,国睿科技
002556,辉隆股份
603661,恒林股份
600006,东风汽车
300303,聚飞光电
300140,节能环境
002367,康力电梯
603601,再升科技
600284,浦东建设
300390,天华新能
002790,瑞尔特
600495,晋西车轴
002664,信质集团
600550,保变电气
001330,博纳影业
002108,沧州明珠
605008,长鸿高科
688223,晶科能源
603339,四方科技
688553,汇宇制药-W
600010,包钢股份
688668,鼎通科技
300779,惠城环保
688208,道通科技
002125,湘潭电化
688617,惠泰医疗
003031,中瓷电子
600917,重庆燃气
688131,皓元医药
600100,同方股份
002783,凯龙股份
002489,浙江永强
603052,可川科技
688638,誉辰智能
688035,德邦科技
688083,中望软件
001308,康冠科技
688350,富淼科技
301216,万凯新材
603688,石英股份
601686,友发集团
300456,赛微电子
603866,桃李面包
605277,新亚电子
300058,蓝色光标
002106,莱宝高科
688128,中国电研
300712,永福股份
688416,恒烁股份
300926,博俊科技
300193,佳士科技
301517,陕西华达
300809,华辰装备
300396,迪瑞医疗
600433,冠豪高新
300620,光库科技
688621,阳光诺和
601965,中国汽研
688130,晶华微
002993,奥海科技
300473,德尔股份
688479,友车科技
002761,浙江建投
002443,金洲管道
601518,吉林高速
002747,埃斯顿
601179,中国西电
301207,华兰疫苗
300218,安利股份
605088,冠盛股份
603686,福龙马
603191,望变电气
600727,鲁北化工
301193,家联科技
001205,盛航股份
603444,吉比特
600664,哈药股份
300596,利安隆
002540,亚太科技
603633,徕木股份
300360,炬华科技
301367,怡和嘉业
300669,沪宁股份
002970,锐明技术
603309,维力医疗
300395,菲利华
002283,天润工业
002617,露笑科技
600351,亚宝药业
300747,锐科激光
600438,通威股份
600969,郴电国际
301101,明月镜片
600551,时代出版
000705,浙江震元
002812,恩捷股份
300290,荣科科技
600711,盛屯矿业
002386,天原股份
300624,万兴科技
688312,燕麦科技
000029,深深房Ａ
000589,贵州轮胎
603025,大豪科技
300727,润禾材料
601003,柳钢股份
002176,江特电机
688185,康希诺
603255,鼎际得
000620,新华联
603185,弘元绿能
300627,华测导航
000810,创维数字
603071,物产环能
688778,厦钨新能
688403,XD汇成股
600884,XD杉杉股
002127,南极电商
002544,普天科技
000498,山东路桥
688689,银河微电
603040,新坐标
000030,富奥股份
600279,重庆港
000973,佛塑科技
001896,豫能控股
002880,卫光生物
000032,深桑达Ａ
301235,华康医疗
002625,光启技术
603348,文灿股份
301121,紫建电子
000065,北方国际
600754,锦江酒店
603728,鸣志电器
603079,圣达生物
688331,荣昌生物
600691,阳煤化工
688117,圣诺生物
000998,隆平高科
600118,中国卫星
688370,丛麟科技
601599,浙文影业
600261,阳光照明
000913,钱江摩托
300862,蓝盾光电
603325,博隆技术
300801,泰和科技
603281,江瀚新材
002379,宏创控股
600506,统一股份
605319,无锡振华
301220,亚香股份
603848,好太太
301299,卓创资讯
605555,XD德昌股
300225,金力泰
600058,五矿发展
603668,天马科技
002271,东方雨虹
688333,铂力特
601869,长飞光纤
300613,富瀚微
600798,宁波海运
600168,武汉控股
002785,万里石
605050,福然德
605117,德业股份
600300,维维股份
000733,振华科技
605098,行动教育
600604,市北高新
002891,中宠股份
600866,星湖科技
002979,雷赛智能
603080,新疆火炬
601858,中国科传
688334,西高院
605128,上海沿浦
300243,瑞丰高材
603066,音飞储存
300377,赢时胜
600892,大晟文化
603181,皇马科技
688378,奥来德
600984,建设机械
600805,悦达投资
001336,楚环科技
688582,芯动联科
603888,新华网
600853,龙建股份
300127,银河磁体
301345,涛涛车业
600470,六国化工
603103,横店影视
603387,基蛋生物
002810,山东赫达
601606,长城军工
002624,完美世界
002361,神剑股份
600645,中源协和
688599,天合光能
000766,通化金马
300770,新媒股份
300595,欧普康视
603278,大业股份
601588,北辰实业
300709,精研科技
002305,南国置业
002292,奥飞娱乐
000917,电广传媒
600810,神马股份
002117,东港股份
600095,湘财股份
002518,科士达
001333,光华股份
301279,金道科技
002234,民和股份
301033,迈普医学
001338,永顺泰
002583,海能达
300601,康泰生物
601619,嘉泽新能
600576,祥源文旅
600169,太原重工
300240,飞力达
002410,广联达
603881,数据港
001318,阳光乳业
601330,绿色动力
002328,新朋股份
600869,远东股份
600825,新华传媒
600318,新力金融
002945,华林证券
603738,泰晶科技
603970,中农立华
600708,光明地产
600617,国新能源
601579,会稽山
000950,重药控股
002723,小崧股份
600927,永安期货
002079,苏州固锝
000059,华锦股份
301106,骏成科技
002065,东华软件
300253,卫宁健康
300349,金卡智能
002046,国机精工
605318,法狮龙
002462,嘉事堂
688510,航亚科技
688521,芯原股份
688737,中自科技
603169,兰石重装
600151,航天机电
002663,普邦股份
300286,安科瑞
688136,科兴制药
603898,XD好莱客
000048,京基智农
688017,绿的谐波
300672,国科微
002396,星网锐捷
002801,微光股份
002366,融发核电
002075,沙钢股份
002290,禾盛新材
600733,北汽蓝谷
601789,宁波建工
002627,三峡旅游
003011,海象新材
603586,金麒麟
002006,精工科技
600778,友好集团
000812,陕西金叶
600557,康缘药业
603900,莱绅通灵
688768,XD容知日
000519,中兵红箭
300445,康斯特
601368,绿城水务
603081,大丰实业
002516,旷达科技
688151,华强科技
301093,华兰股份
002365,永安药业
002537,海联金汇
688503,聚和材料
603077,和邦生物
300228,富瑞特装
000793,华闻集团
300024,机器人
688531,日联科技
603331,百达精工
600333,长春燃气
002349,精华制药
002741,光华科技
688486,龙迅股份
600121,郑州煤电
300789,唐源电气
301096,百诚医药
600850,电科数字
688398,赛特新材
600055,万东医疗
002674,兴业科技
000736,中交地产
688399,硕世生物
603344,星德胜
300785,值得买
688244,永信至诚
600662,外服控股
002971,和远气体
002709,天赐材料
000713,丰乐种业
300792,壹网壹创
001287,中电港
000629,钒钛股份
002083,孚日股份
600587,DR新华医
600108,亚盛集团
000019,深粮控股
003038,鑫铂股份
300790,宇瞳光学
301073,君亭酒店
603229,奥翔药业
688383,新益昌
002440,闰土股份
603928,兴业股份
688585,上纬新材
603989,艾华集团
000850,华茂股份
600739,辽宁成大
688557,兰剑智能
688007,光峰科技
003018,金富科技
600668,尖峰集团
603020,爱普股份
600558,大西洋
600226,亨通股份
300824,北鼎股份
688257,新锐股份
300130,新国都
688006,杭可科技
301223,中荣股份
000670,盈方微
603667,五洲新春
000926,福星股份
300138,晨光生物
000785,居然之家
000761,本钢板材
300660,江苏雷利
300258,精锻科技
600726,华电能源
688466,金科环境
601678,滨化股份
000862,银星能源
000407,胜利股份
605007,五洲特纸
000409,云鼎科技
605268,王力安防
600157,永泰能源
003039,顺控发展
688108,赛诺医疗
002165,红 宝 丽
000700,模塑科技
002219,新里程
301108,洁雅股份
600130,波导股份
300675,建科院
000823,超声电子
603018,华设集团
301510,固高科技
600790,轻纺城
600980,北矿科技
000069,华侨城Ａ
603956,威派格
000978,桂林旅游
301071,力量钻石
600418,江淮汽车
300450,先导智能
688032,禾迈股份
600716,凤凰股份
300145,中金环境
300815,玉禾田
002845,同兴达
603026,胜华新材
300298,三诺生物
002380,科远智慧
000935,四川双马
001216,华瓷股份
300741,华宝股份
000524,岭南控股
603610,麒盛科技
603109,神驰机电
688317,之江生物
300661,圣邦股份
603127,昭衍新药
002385,大北农
300443,金雷股份
000061,农 产 品
301078,孩子王
002901,大博医疗
000852,石化机械
000557,西部创业
002057,中钢天源
300758,七彩化学
301261,恒工精密
002670,国盛金控
002097,山河智能
600536,中国软件
603275,众辰科技
301559,中集环科
603201,常润股份
603380,易德龙
688197,首药控股-U
002929,润建股份
603398,沐邦高科
603877,太平鸟
688639,华恒生物
300788,中信出版
688356,键凯科技
605196,华通线缆
688269,凯立新材
603677,奇精机械
000597,东北制药
603087,甘李药业
600903,贵州燃气
002015,协鑫能科
603897,长城科技
601008,连云港
300521,爱司凯
002969,嘉美包装
600223,福瑞达
002824,和胜股份
002145,中核钛白
001326,联域股份
600603,广汇物流
688581,安杰思
603041,美思德
600533,栖霞建设
603303,得邦照明
001218,丽臣实业
300483,首华燃气
603659,璞泰来
603506,南都物业
600686,金龙汽车
600278,东方创业
603366,日出东方
603182,嘉华股份
002038,双鹭药业
002225,濮耐股份
000548,湖南投资
002606,大连电瓷
600468,百利电气
600229,城市传媒
300583,赛托生物
000153,丰原药业
688357,建龙微纳
600714,金瑞矿业
300725,药石科技
301200,大族数控
605003,众望布艺
002635,安洁科技
605259,绿田机械
688246,嘉和美康
603583,XD捷昌驱
002246,北化股份
000735,罗 牛 山
600560,金自天正
300194,福安药业
300048,合康新能
688101,三达膜
301386,未来电器
600283,钱江水利
603090,宏盛股份
300057,万顺新材
600746,江苏索普
600830,香溢融通
603882,金域医学
002968,新大正
000008,神州高铁
688103,国力股份
688323,瑞华泰
600022,山东钢铁
605336,帅丰电器
002368,太极股份
603712,七一二
600858,银座股份
002449,国星光电
688205,德科立
601096,宏盛华源
688001,华兴源创
688683,莱尔科技
002045,国光电器
002151,北斗星通
301255,通力科技
003002,壶化股份
300077,国民技术
301280,珠城科技
002832,比音勒芬
002348,高乐股份
603112,XD华翔股
300389,艾比森
688150,莱特光电
000514,渝 开 发
300532,今天国际
600356,恒丰纸业
688625,呈和科技
600330,天通股份
300027,华谊兄弟
600338,西藏珠峰
300997,欢乐家
000912,泸天化
000919,金陵药业
601188,龙江交通
603496,恒为科技
601777,力帆科技
600651,飞乐音响
688633,星球石墨
000541,佛山照明
301332,德尔玛
300213,佳讯飞鸿
002623,亚玛顿
001206,依依股份
000880,潍柴重机
301486,致尚科技
688262,国芯科技
301373,凌玮科技
601890,亚星锚链
002782,可立克
300350,华鹏飞
002612,朗姿股份
605500,森林包装
600429,三元股份
301109,军信股份
002906,华阳集团
002160,常铝股份
600979,广安爱众
600812,华北制药
002407,多氟多
600679,上海凤凰
688552,XD航天南
300607,拓斯达
002334,英威腾
300425,中建环能
603318,水发燃气
600814,杭州解百
603579,荣泰健康
300267,尔康制药
002515,金字火腿
300239,东宝生物
301090,华润材料
300861,美畅股份
002996,顺博合金
688219,会通股份
002303,美盈森
600081,东风科技
603808,歌力思
000920,沃顿科技
001222,源飞宠物
603739,蔚蓝生物
002101,广东鸿图
603312,西典新能
002067,景兴纸业
603823,XD百合花
002983,芯瑞达
300880,迦南智能
000717,中南股份
603511,爱慕股份
300918,南山智尚
000906,浙商中拓
300454,深信服
688110,东芯股份
688087,英科再生
688058,宝兰德
603801,志邦家居
603995,甬金股份
603948,建业股份
002210,飞马国际
300775,三角防务
603126,中材节能
000886,海南高速
300161,华中数控
002757,南兴股份
002735,王子新材
002534,西子洁能
600271,航天信息
300051,琏升科技
000420,吉林化纤
301439,泓淋电力
688655,迅捷兴
000417,合肥百货
688478,晶升股份
603093,南华期货
000560,我爱我家
603908,牧高笛
603102,百合股份
300233,金城医药
688200,XD华峰测
688543,国科军工
000789,万年青
300534,陇神戎发
600419,天润乳业
688567,孚能科技
300357,我武生物
601999,出版传媒
601116,三江购物
688480,赛恩斯
300364,中文在线
002090,金智科技
605167,利柏特
300644,南京聚隆
688097,博众精工
601007,金陵饭店
301291,明阳电气
603566,普莱柯
688057,金达莱
300206,理邦仪器
605399,晨光新材
300091,金通灵
600072,中船科技
301319,唯特偶
600513,联环药业
605179,一鸣食品
600876,凯盛新能
600217,中再资环
002675,东诚药业
001360,南矿集团
301390,经纬股份
002873,新天药业
002578,闽发铝业
301528,多浦乐
600580,卧龙电驱
600794,保税科技
301189,奥尼电子
002937,兴瑞科技
600439,瑞贝卡
002955,鸿合科技
600602,云赛智联
002255,海陆重工
300674,宇信科技
002692,远程股份
002381,双箭股份
300321,同大股份
002775,文科股份
688314,康拓医疗
600180,瑞茂通
301397,溯联股份
002208,合肥城建
000006,深振业Ａ
688388,嘉元科技
688125,安达智能
300304,云意电气
605337,李子园
603276,恒兴新材
688799,华纳药厂
688325,赛微微电
002771,真视通
002387,维信诺
002174,游族网络
301029,怡合达
600444,国机通用
688088,XD虹软科
603856,东宏股份
000925,众合科技
002802,洪汇新材
603057,紫燕食品
688050,爱博医疗
300376,易事特
603662,柯力传感
301000,肇民科技
688138,清溢光电
603073,彩蝶实业
300200,高盟新材
000025,特  力Ａ
301151,冠龙节能
603759,海天股份
603197,保隆科技
688327,云从科技-UW
600640,国脉文化
002166,莱茵生物
301293,三博脑科
603163,圣晖集成
600481,双良节能
600829,人民同泰
300586,美联新材
300990,同飞股份
300113,顺网科技
601956,东贝集团
600280,中央商场
300106,西部牧业
688665,四方光电
002111,威海广泰
688092,爱科科技
300110,华仁药业
603151,邦基科技
605151,西上海
601778,晶科科技
600986,浙文互联
001201,东瑞股份
601949,中国出版
003020,立方制药
300179,四方达
301115,建科股份
603118,共进股份
603517,绝味食品
603998,方盛制药
002559,亚威股份
688358,祥生医疗
600619,海立股份
301507,民生健康
300401,花园生物
002611,东方精工
688256,寒武纪-U
688380,中微半导
600367,红星发展
002962,五方光电
002195,岩山科技
688696,极米科技
600793,宜宾纸业
600354,敦煌种业
000045,深纺织Ａ
300548,博创科技
300226,上海钢联
300909,汇创达
002036,联创电子
688236,春立医疗
603800,道森股份
000821,京山轻机
688507,索辰科技
600629,华建集团
600975,新五丰
688230,芯导科技
603719,良品铺子
002404,嘉欣丝绸
600446,金证股份
002646,天佑德酒
002102,能特科技
600581,八一钢铁
603698,航天工程
603258,电魂网络
600622,光大嘉宝
000652,泰达股份
605080,浙江自然
300568,星源材质
301188,力诺特玻
003013,地铁设计
601388,怡球资源
002538,司尔特
002987,京北方
600366,宁波韵升
603726,朗迪集团
688372,伟测科技
301558,三态股份
300034,钢研高纳
600758,辽宁能源
600322,津投城开
002163,海南发展
002414,高德红外
002187,广百股份
300969,恒帅股份
301153,中科江南
601133,柏诚股份
301130,西点药业
003041,真爱美家
300976,达瑞电子
300221,银禧科技
002896,中大力德
688508,芯朋微
301333,诺思格
603097,江苏华辰
688589,力合微
603002,宏昌电子
603135,中重科技
300973,立高食品
002957,科瑞技术
603817,海峡环保
600416,湘电股份
000601,韶能股份
000518,四环生物
300348,长亮科技
301175,中科环保
603416,信捷电气
600796,钱江生化
300068,南都电源
688377,迪威尔
000058,深 赛 格
300505,川金诺
603590,康辰药业
600973,宝胜股份
600527,江南高纤
301322,绿通科技
301171,易点天下
000681,视觉中国
002651,利君股份
002953,日丰股份
600198,大唐电信
002519,银河电子
300131,英唐智控
603558,健盛集团
301166,优宁维
603075,热威股份
603217,元利科技
000501,武商集团
002044,美年健康
002030,达安基因
002791,坚朗五金
300589,江龙船艇
002073,软控股份
002392,北京利尔
688116,天奈科技
002838,道恩股份
301383,天键股份
603960,克来机电
605089,味知香
603330,天洋新材
603137,恒尚节能
601226,华电重工
300762,上海瀚讯
002026,山东威达
300939,秋田微
301013,利和兴
688410,山外山
300451,创业慧康
002333,罗普斯金
301287,康力源
000949,新乡化纤
688653,康希通信
000551,创元科技
002301,齐心集团
603798,康普顿
605123,派克新材
002186,全 聚 德
688800,瑞可达
605266,DR健之佳
300726,宏达电子
600076,康欣新材
300774,倍杰特
300184,力源信息
002426,胜利精密
002734,利民股份
002469,三维化学
600791,京能置业
000860,顺鑫农业
688258,卓易信息
001366,播恩集团
300129,泰胜风能
002598,山东章鼓
688285,高铁电气
301229,纽泰格
600292,远达环保
600272,开开实业
600854,春兰股份
002614,奥佳华
605218,伟时电子
605108,同庆楼
605339,南侨食品
300320,海达股份
301277,新天地
002662,京威股份
003023,彩虹集团
301110,青木股份
688161,威高骨科
300388,节能国祯
688252,XD天德钰
300302,同有科技
688779,长远锂科
000888,峨眉山Ａ
002300,太阳电缆
688135,利扬芯片
600133,东湖高新
002167,东方锆业
001311,多利科技
002644,佛慈制药
603206,嘉环科技
605199,葫芦娃
600336,澳柯玛
301165,锐捷网络
600376,首开股份
600403,大有能源
600051,宁波联合
300026,红日药业
600298,安琪酵母
300489,光智科技
300446,航天智造
000532,华金资本
300996,普联软件
603968,醋化股份
300872,天阳科技
300594,朗进科技
002239,奥特佳
000401,冀东水泥
300693,盛弘股份
300351,永贵电器
300634,彩讯股份
001322,箭牌家居
601689,拓普集团
600237,铜峰电子
002268,电科网安
603876,鼎胜新材
300835,龙磁科技
603613,国联股份
300158,振东制药
300217,东方电热
300199,翰宇药业
000610,西安旅游
002772,众兴菌业
301381,赛维时代
301577,美信科技
300315,掌趣科技
688602,康鹏科技
300772,运达股份
600239,云南城投
688326,经纬恒润-W
688080,映翰通
688233,神工股份
301233,盛帮股份
688533,上声电子
300025,华星创业
600697,欧亚集团
002961,瑞达期货
002846,英联股份
600939,重庆建工
002708,光洋股份
002421,达实智能
688570,天玛智控
300339,润和软件
002636,金安国纪
300839,博汇股份
688339,亿华通-U
600491,龙元建设
603190,亚通精工
605566,福莱蒽特
300164,通源石油
002261,拓维信息
000068,华控赛格
605060,联德股份
000901,航天科技
300953,震裕科技
603267,鸿远电子
603150,万朗磁塑
002923,润都股份
688656,浩欧博
688355,明志科技
688227,品高股份
605300,佳禾食品
002059,云南旅游
688606,奥泰生物
002183,怡 亚 通
002510,天汽模
001367,海森药业
603083,剑桥科技
002188,中天服务
002140,东华科技
301303,真兰仪表
603062,麦加芯彩
300756,金马游乐
001696,宗申动力
301183,东田微
600705,中航产融
002688,金河生物
002467,二六三
300318,博晖创新
603311,金海高科
003009,中天火箭
300755,华致酒行
300073,当升科技
301203,国泰环保
301097,天益医疗
603332,苏州龙杰
002857,三晖电气
600731,湖南海利
002448,中原内配
603977,国泰集团
603059,倍加洁
301520,万邦医药
002949,华阳国际
688068,热景生物
301519,舜禹股份
002671,龙泉股份
301149,隆华新材
300821,东岳硅材
688786,悦安新材
301317,鑫磊股份
688772,珠海冠宇
002445,中南文化
688556,高测股份
605366,宏柏新材
688591,泰凌微
002401,中远海科
600103,青山纸业
300800,力合科技
002542,中化岩土
002194,武汉凡谷
300407,凯发电气
605222,起帆电缆
300402,宝色股份
300430,诚益通
002302,西部建设
000421,南京公用
301376,致欧科技
300769,德方纳米
000829,天音控股
000677,恒天海龙
001208,华菱线缆
301155,海力风电
600817,宇通重工
002121,科陆电子
603036,如通股份
002345,潮宏基
600775,南京熊猫
688561,奇安信-U
001269,欧晶科技
603663,三祥新材
002758,浙农股份
603125,常青科技
301246,宏源药业
600846,同济科技
000676,智度股份
300031,宝通科技
600327,大东方
000790,华神科技
688114,华大智造
688265,南模生物
688062,迈威生物-U
600749,西藏旅游
002967,广电计量
688400,凌云光
603012,创力集团
600725,云维股份
300432,富临精工
002175,东方智造
002110,三钢闽光
000536,华映科技
002189,中光学
002153,石基信息
300219,鸿利智汇
603773,沃格光电
600633,浙数文化
300991,创益通
002976,瑞玛精密
301196,唯科科技
605338,巴比食品
603758,秦安股份
601933,永辉超市
603218,日月股份
002733,雄韬股份
002567,唐人神
605296,神农集团
300421,力星股份
688163,赛伦生物
300494,盛天网络
688295,中复神鹰
688173,希荻微
600477,杭萧钢构
301051,信濠光电
002115,三维通信
000430,张家界
002296,辉煌科技
600307,酒钢宏兴
688276,百克生物
300021,大禹节水
003030,祖名股份
000553,安道麦A
688321,微芯生物
002093,国脉科技
300985,致远新能
300087,荃银高科
301419,阿莱德
600186,莲花控股
002505,鹏都农牧
003015,日久光电
003025,思进智能
688577,浙海德曼
688620,安凯微
002752,昇兴股份
002243,力合科创
603373,安邦护卫
605198,安德利
688049,炬芯科技
003019,宸展光电
002866,传艺科技
002573,清新环境
002238,天威视讯
000981,山子高科
300652,雷迪克
605208,永茂泰
002017,东信和平
688303,XD大全能
688107,安路科技
601886,江河集团
601010,文峰股份
300182,捷成股份
688259,创耀科技
603351,威尔药业
000566,海南海药
688687,凯因科技
688179,阿拉丁
688767,博拓生物
603569,长久物流
301205,联特科技
300278,华昌达
000062,深圳华强
301356,天振股份
300092,科新机电
300335,迪森股份
002918,蒙娜丽莎
002023,海特高新
000957,中通客车
000903,云内动力
688601,力芯微
301393,昊帆生物
300172,中电环保
603039,泛微网络
002788,鹭燕医药
002649,博彦科技
300341,麦克奥迪
300891,惠云钛业
300737,科顺股份
601519,大智慧
603861,白云电器
301156,美农生物
000530,冰山冷热
300045,华力创通
301085,亚康股份
600722,金牛化工
001313,粤海饲料
688529,豪森智能
605118,力鼎光电
605068,明新旭腾
688027,国盾量子
603838,四通股份
301539,宏鑫科技
300678,中科信息
000529,广弘控股
600249,两面针
000837,秦川机床
603626,科森科技
002434,万里扬
600569,安阳钢铁
300183,东软载波
002523,天桥起重
300256,星星科技
002190,成飞集成
603682,锦和商管
001324,长青科技
000698,沈阳化工
300424,航新科技
001387,雪祺电气
600478,科力远
600392,盛和资源
300503,昊志机电
002972,科安达
002731,萃华珠宝
600159,大龙地产
301330,熵基科技
600712,南宁百货
688316,青云科技-U
600935,华塑股份
301316,慧博云通
002561,徐家汇
002530,金财互联
000797,中国武夷
000631,顺发恒业
000055,方大集团
002441,众业达
603527,XD众源新
301088,戎美股份
605298,必得科技
603809,豪能股份
603088,宁波精达
300898,熊猫乳品
300554,三超新材
300230,永利股份
601162,天风证券
002412,汉森制药
000516,国际医学
603211,晋拓股份
600172,黄河旋风
300700,岱勒新材
300079,数码视讯
002395,双象股份
688697,纽威数控
688069,德林海
605376,博迁新材
002907,华森制药
300133,华策影视
301529,福赛科技
002362,汉王科技
603307,扬州金泉
300043,星辉娱乐
002587,奥拓电子
002162,悦心健康
301107,瑜欣电子
002398,垒知集团
301006,迈拓股份
603637,镇海股份
688371,菲沃泰
688261,东微半导
002981,朝阳科技
688448,磁谷科技
605188,国光连锁
002835,同为股份
688196,卓越新能
600738,丽尚国潮
001258,立新能源
603076,乐惠国际
603222,济民医疗
300187,永清环保
301310,鑫宏业
603987,康德莱
000627,天茂集团
002820,桂发祥
600345,长江通信
300142,沃森生物
600797,浙大网新
300566,激智科技
688078,龙软科技
002660,茂硕电源
605305,中际联合
002481,双塔食品
603535,嘉诚国际
688563,航材股份
688275,万润新能
605580,恒盛能源
301257,普蕊斯
301237,和顺科技
300691,联合光电
001228,永泰运
300235,方直科技
301391,卡莱特
600313,农发种业
603999,读者传媒
603609,禾丰股份
002172,澳洋健康
000897,津滨发展
603165,荣晟环保
688381,帝奥微
001268,联合精密
300516,久之洋
605028,世茂能源
002885,京泉华
688598,金博股份
002360,同德化工
300621,维业股份
300441,鲍斯股份
001267,汇绿生态
600735,新华锦
600650,锦江在线
002265,建设工业
300437,清水源
000419,通程控股
600371,万向德农
300214,日科化学
300802,矩子科技
600992,贵绳股份
300378,鼎捷软件
002616,长青集团
002553,南方精工
002455,百川股份
603533,掌阅科技
300400,劲拓股份
688435,英方软件
002358,森源电气
300806,斯迪克
301023,江南奕帆
603976,正川股份
603915,国茂股份
300687,赛意信息
603788,宁波高发
002826,易明医药
300120,经纬辉开
002755,奥赛康
600526,菲达环保
300955,嘉亨家化
002803,吉宏股份
002584,西陇科学
301181,标榜股份
001328,登康口腔
603697,有友食品
300151,昌红科技
603213,镇洋发展
600391,航发科技
300337,银邦股份
001378,德冠新材
688143,长盈通
688165,埃夫特-U
600503,华丽家族
300185,通裕重工
600525,长园集团
301256,华融化学
300958,建工修复
600665,天地源
300682,朗新集团
002759,天际股份
688505,复旦张江
688335,复洁环保
002862,实丰文化
300409,道氏技术
000534,万泽股份
600838,上海九百
300229,拓尔思
603022,新通联
300493,润欣科技
603815,交建股份
301018,申菱环境
300004,南风股份
002990,盛视科技
002501,利源股份
002133,广宇集团
688203,海正生材
300468,四方精创
300950,德固特
300827,上能电气
603656,泰禾智能
300828,锐新科技
002899,英派斯
688700,东威科技
603230,内蒙新华
000833,粤桂股份
301456,盘古智能
301267,华厦眼科
603399,吉翔股份
002730,电光科技
002992,宝明科技
600255,鑫科材料
301315,威士顿
300881,盛德鑫泰
002943,宇晶股份
300141,和顺电气
600611,大众交通
688338,XD赛科希
300358,楚天科技
301103,何氏眼科
002935,天奥电子
002144,宏达高科
600053,九鼎投资
002892,科力尔
300610,晨化股份
603329,上海雅仕
603231,索宝蛋白
300403,汉宇集团
301211,亨迪药业
002376,新北洋
002282,博深股份
600579,克劳斯
301318,维海德
688162,巨一科技
002135,东南网架
300160,秀强股份
600149,廊坊发展
000099,中信海直
300261,雅本化学
000759,中百集团
300781,因赛集团
300246,宝莱特
002040,南 京 港
300598,诚迈科技
300042,朗科科技
002104,恒宝股份
601700,风范股份
002879,长缆科技
603223,恒通股份
002725,跃岭股份
300072,海新能科
603687,大胜达
002191,劲嘉股份
002878,元隆雅图
300946,恒而达
300947,德必集团
002492,恒基达鑫
300238,冠昊生物
688530,欧莱新材
002454,松芝股份
301326,捷邦科技
600851,海欣股份
001368,通达创智
600676,交运股份
002672,东江环保
003007,直真科技
603629,利通电子
001298,好上好
002825,纳尔股份
001210,金房能源
688663,新风光
300317,珈伟新能
688488,艾迪药业
301555,惠柏新材
600353,旭光电子
600756,浪潮软件
000668,荣丰控股
600860,京城股份
600588,用友网络
001376,百通能源
300018,中元股份
300902,国安达
000017,深中华A
002694,顾地科技
600262,北方股份
603238,诺邦股份
002496,辉丰股份
300252,金信诺
300084,海默科技
000599,青岛双星
688167,XD炬光科
300404,博济医药
300930,屹通新材
688195,腾景科技
688690,纳微科技
301065,本立科技
688237,超卓航科
300622,博士眼镜
688308,欧科亿
300829,金丹科技
603577,汇金通
002988,豪美新材
601279,英利汽车
300519,新光药业
300921,南凌科技
301227,森鹰窗业
301398,星源卓镁
300359,全通教育
688010,福光股份
300597,吉大通信
000936,华西股份
600857,宁波中百
301012,扬电科技
603270,金帝股份
688156,路德环境
300822,贝仕达克
601828,美凯龙
301314,科瑞思
001379,腾达科技
600178,东安动力
688390,固德威
688028,沃尔德
000952,广济药业
603096,新经典
300719,安达维尔
002098,浔兴股份
603912,佳力图
600510,黑牡丹
301238,瑞泰新材
300662,科锐国际
300625,三雄极光
300553,集智股份
001225,和泰机电
300354,东华测试
002719,麦趣尔
002615,哈尔斯
301548,崇德科技
300008,天海防务
003040,楚天龙
002574,明牌珠宝
002442,龙星化工
688077,大地熊
002250,联化科技
688576,西山科技
300533,冰川网络
301283,聚胶股份
603357,设计总院
600571,信雅达
002681,奋达科技
002546,新联电子
002041,登海种业
300306,远方信息
300664,鹏鹞环保
601086,国芳集团
002695,煌上煌
002875,安奈儿
301262,海看股份
002871,伟隆股份
603518,锦泓集团
300915,海融科技
301469,恒达新材
301382,蜂助手
688231,隆达股份
688202,美迪西
002658,雪迪龙
301137,哈焊华通
002554,惠博普
688459,哈铁科技
600080,金花股份
002107,沃华医药
600556,天下秀
002722,物产金轮
002066,瑞泰科技
603326,我乐家居
605189,富春染织
002548,金新农
002792,通宇通讯
300255,常山药业
002346,柘中股份
002146,荣盛发展
301150,中一科技
300683,海特生物
301360,荣旗科技
688095,福昕软件
605001,威奥股份
601996,丰林集团
003032,传智教育
300435,中泰股份
002982,湘佳股份
603685,晨丰科技
002876,三利谱
688199,久日新材
603327,福蓉科技
688695,中创股份
002724,海洋王
688286,敏芯股份
300986,志特新材
300850,新强联
300381,溢多利
002638,勤上股份
002980,华盛昌
002863,今飞凯达
001331,胜通能源
688515,裕太微-U
600097,XD开创国
603639,海利尔
603004,鼎龙科技
688345,博力威
002344,海宁皮城
002777,久远银海
002581,未名医药
300363,博腾股份
603676,卫信康
300162,雷曼光电
300584,海辰药业
688733,壹石通
300797,钢研纳克
600616,金枫酒业
600359,新农开发
002214,大立科技
688392,骄成超声
603890,春秋电子
603636,南威软件
002780,三夫户外
688662,富信科技
688260,昀冢科技
688646,逸飞激光
605186,健麾信息
688013,天臣医疗
605100,华丰股份
000716,黑芝麻
688626,翔宇医疗
301263,泰恩康
301311,昆船智能
000985,大庆华科
000929,兰州黄河
300143,盈康生命
301239,普瑞眼科
000547,航天发展
301335,天元宠物
600732,爱旭股份
300263,隆华科技
600882,妙可蓝多
603037,凯众股份
301050,雷电微力
301399,英特科技
002099,海翔药业
002905,金逸影视
300326,凯利泰
002989,中天精装
688607,康众医疗
600238,海南椰岛
300875,捷强装备
300542,新晨科技
001217,华尔泰
603722,XD阿科力
301123,奕东电子
688718,唯赛勃
601908,京运通
300066,三川智慧
002213,大为股份
603701,德宏股份
301182,凯旺科技
300438,鹏辉能源
600855,航天长峰
002526,山东矿机
300022,吉峰科技
300763,锦浪科技
002950,奥美医疗
000815,美利云
002881,美格智能
600693,东百集团
300393,中来股份
002753,永东股份
002774,快意电梯
688657,浩辰软件
300860,锋尚文化
600523,贵航股份
000801,四川九洲
300579,数字认证
300322,硕贝德
002363,隆基机械
605389,长龄液压
301265,华新环保
002585,双星新材
301217,铜冠铜箔
000798,中水渔业
301499,维科精密
600135,乐凯胶片
002068,黑猫股份
301487,盟固利
688428,诺诚健华-U
300795,米奥会展
600815,厦工股份
001332,锡装股份
605055,迎丰股份
300439,美康生物
688313,仕佳光子
300382,斯莱克
001306,夏厦精密
301080,百普赛斯
300752,隆利科技
002229,鸿博股份
603396,金辰股份
603319,湘油泵
603273,天元智能
688458,美芯晟
002877,智能自控
300907,康平科技
301503,智迪科技
603822,嘉澳环保
688309,恒誉环保
688181,八亿时空
688176,亚虹医药-U
603116,红蜻蜓
300838,浙江力诺
300080,易成新能
300047,天源迪科
002116,中国海诚
603595,东尼电子
002942,新农股份
301127,天源环保
300343,联创股份
603178,圣龙股份
002196,方正电机
001319,铭科精技
688115,思林杰
600189,泉阳泉
002902,铭普光磁
002639,雪人股份
603282,亚光股份
002054,德美化工
000715,中兴商业
600400,红豆股份
603538,美诺华
688015,交控科技
600288,大恒科技
603155,新亚强
603700,宁水集团
300307,慈星股份
603161,科华控股
688119,中钢洛耐
603906,龙蟠科技
300836,佰奥智能
605006,山东玻纤
600545,卓郎智能
301370,国科恒泰
002446,盛路通信
300967,晓鸣股份
002888,惠威科技
301046,能辉科技
301209,联合化学
002903,宇环数控
300147,香雪制药
300501,海顺新材
002324,普利特
603187,海容冷链
002406,远东传动
603768,常青股份
001223,欧克科技
002488,金固股份
600071,凤凰光学
300808,久量股份
002161,远 望 谷
002634,棒杰股份
300523,辰安科技
603926,铁流股份
603602,纵横通信
300975,商络电子
002975,博杰股份
688343,云天励飞-U
300387,富邦股份
301089,拓新药业
300331,苏大维格
000948,南天信息
300639,凯普生物
601566,XD九牧王
000779,甘咨询
300254,仟源医药
600235,民丰特纸
300190,维尔利
002285,世联行
002224,三 力 士
000505,京粮控股
301296,新巨丰
002952,亚世光电
600335,国机汽车
301533,威马农机
600184,光电股份
688030,山石网科
300670,大烨智能
688667,菱电电控
605133,嵘泰股份
603115,海星股份
300154,瑞凌股份
001317,三羊马
600728,佳都科技
688787,海天瑞声
000813,德展健康
002264,新 华 都
002400,省广集团
000819,岳阳兴长
301448,开创电气
002912,中新赛克
002915,中欣氟材
300053,航宇微
300075,数字政通
003033,征和工业
300510,金冠股份
002566,益盛药业
300035,中科电气
603859,能科科技
002933,新兴装备
603696,安记食品
002263,大东南
301389,隆扬电子
603825,华扬联众
301268,铭利达
600148,长春一东
002277,友阿股份
600222,太龙药业
301272,英华特
301092,争光股份
603703,盛洋科技
688699,明微电子
300102,乾照光电
603716,塞力医疗
603183,建研院
603666,亿嘉和
301063,海锅股份
603489,八方股份
301049,超越科技
688063,派能科技
300499,高澜股份
301305,朗坤环境
300074,华平股份
300612,宣亚国际
600983,惠而浦
603321,梅轮电梯
002609,捷顺科技
603280,南方路机
300684,中石科技
000965,天保基建
300227,光韵达
600593,大连圣亚
600105,永鼎股份
001229,魅视科技
001234,泰慕士
000635,英 力 特
002114,罗平锌电
688329,艾隆科技
603015,弘讯科技
001202,炬申股份
300777,中简科技
300540,蜀道装备
300210,森远股份
301047,义翘神州
002207,准油股份
603158,腾龙股份
300232,洲明科技
688586,江航装备
300879,大叶股份
603937,丽岛新材
688518,联赢激光
002661,克明食品
300101,振芯科技
002796,世嘉科技
301526,国际复材
301248,杰创智能
605289,罗曼股份
603829,洛凯股份
688232,新点软件
301281,科源制药
301199,迈赫股份
300275,梅安森
300234,开尔新材
301170,锡南科技
600218,全柴动力
688193,仁度生物
300479,神思电子
603016,新宏泰
688455,科捷智能
603520,司太立
601218,吉鑫科技
600192,长城电工
002342,巨力索具
301395,仁信新材
688379,华光新材
300153,科泰电源
002657,中科金财
301210,金杨股份
300869,康泰医学
688298,东方生物
300132,青松股份
002870,香山股份
300981,中红医疗
002632,道明光学
000533,顺钠股份
603711,香飘飘
300107,建新股份
301327,华宝新能
688056,莱伯泰科
600844,丹化科技
002570,贝因美
301225,恒勃股份
301289,国缆检测
603681,永冠新材
688393,安必平
688182,灿勤科技
300291,百纳千成
603256,宏和科技
600638,新黄浦
300063,天龙集团
301128,强瑞技术
300492,华图山鼎
300100,双林股份
300434,金石亚药
001230,劲旅环境
002999,天禾股份
605299,舒华体育
002580,圣阳股份
002272,川润股份
688558,国盛智科
301278,快可电子
301295,美硕科技
301017,漱玉平民
002184,海得控制
603630,拉芳家化
002613,北玻股份
300988,津荣天宇
301355,南王科技
603200,上海洗霸
603421,鼎信通讯
300166,东方国信
300504,天邑股份
002382,蓝帆医疗
603086,先达股份
300272,开能健康
301208,中亦科技
688061,灿瑞科技
300173,福能东方
002682,龙洲股份
603585,苏利股份
300531,优博讯
301446,福事特
301338,凯格精机
688485,九州一轨
300711,广哈通信
002330,得利斯
002373,千方科技
300085,银之杰
688551,科威尔
603123,翠微股份
300455,航天智装
002364,中恒电气
688568,中科星图
600257,大湖股份
002103,广博股份
688191,智洋创新
300196,长海股份
688098,申联生物
301206,三元生物
600636,国新文化
000803,山高环能
688580,伟思医疗
688129,东来技术
688648,中邮科技
688592,司南导航
688206,概伦电子
002177,御银股份
001209,洪兴股份
002728,特一药业
688159,有方科技
603777,来伊份
300466,赛摩智能
002576,通达动力
002307,北新路桥
000572,海马汽车
688320,禾川科技
000523,红棉股份
605138,盛泰集团
301158,德石股份
300651,金陵体育
002852,道道全
002860,星帅尔
603214,爱婴室
688033,天宜上佳
300582,英飞特
600594,益佰制药
000859,国风新材
603990,麦迪科技
300062,中能电气
002169,智光电气
002137,实益达
603617,君禾股份
603107,上海汽配
688048,长光华芯
300743,天地数码
002418,康盛股份
600678,四川金顶
002919,名臣健康
300559,佳发教育
603336,宏辉果蔬
301292,海科新源
301138,华研精机
300968,格林精密
300887,谱尼测试
300491,通合科技
300328,宜安科技
002076,星光股份
301022,海泰科
688133,泰坦科技
688360,德马科技
600818,中路股份
300467,迅游科技
688307,中润光学
300436,广生堂
300642,透景生命
603536,惠发食品
002286,保龄宝
300590,移为通信
301028,东亚机械
001283,豪鹏科技
301260,格力博
001359,平安电工
002476,宝莫股份
002095,生 意 宝
688337,普源精电
002037,保利联合
603818,曲美家居
002562,兄弟科技
300370,安控科技
300076,GQY视讯
600106,重庆路桥
301172,君逸数码
300692,中环环保
300069,金利华电
002998,优彩资源
603166,福达股份
300188,国投智能
002212,天融信
600721,百花医药
300587,天铁股份
300511,雪榕生物
688091,上海谊众
002577,雷柏科技
002659,凯文教育
300804,广康生化
603992,松霖科技
002908,德生科技
688597,煜邦电力
600990,四创电子
600613,神奇制药
688450,光格科技
300342,天银机电
688613,奥精医疗
300994,久祺股份
002858,力盛体育
688160,步科股份
300654,世纪天鸿
300878,维康药业
300527,中船应急
600706,曲江文旅
688560,明冠新材
605056,咸亨国际
603171,税友股份
603721,中广天择
600743,华远地产
300352,北信源
002551,尚荣医疗
002109,兴化股份
603051,鹿山新材
603839,安正时尚
300916,朗特智能
600110,诺德股份
600137,浪莎股份
300259,新天科技
003027,同兴环保
688168,安博通
688593,新相微
300453,三鑫医疗
300371,汇中股份
002882,金龙羽
301336,趣睡科技
688367,工大高科
603266,天龙股份
301045,天禄科技
688251,井松智能
300249,依米康
300032,金龙机电
001211,双枪科技
603903,中持股份
300513,恒实科技
002786,银宝山新
603216,梦天家居
301076,新瀚新材
300819,聚杰微纤
600847,万里股份
002339,积成电子
000576,甘化科工
000504,南华生物
300530,领湃科技
603159,上海亚虹
002689,远大智能
000570,苏常柴Ａ
300960,通业科技
300650,太龙股份
300578,会畅通讯
301380,挖金客
300867,圣元环保
603011,合锻智能
000428,华天酒店
301201,诚达药业
301468,博盈特焊
603122,合富中国
600698,湖南天雁
600658,电子城
688025,杰普特
000863,三湘印象
000016,深康佳Ａ
600207,安彩高科
002973,侨银股份
603819,XD神力股
000558,莱茵体育
600802,福建水泥
688089,嘉必优
301320,豪江智能
603173,福斯达
300231,银信科技
600128,苏豪弘业
301408,华人健康
300933,中辰股份
001270,铖昌科技
301218,华是科技
301111,粤万年青
600960,渤海汽车
300749,顶固集创
605177,东亚药业
688292,浩瀚深度
300204,舒泰神
002329,皇氏集团
688611,杭州柯林
600228,返利科技
300703,创源股份
605287,德才股份
002316,亚联发展
603269,海鸥股份
601208,东材科技
002522,浙江众成
300134,大富科技
300011,鼎汉技术
301157,华塑科技
300556,丝路视觉
000607,华媒控股
300768,迪普科技
300690,双一科技
002457,青龙管业
300543,朗科智能
002437,誉衡药业
300055,万邦达
301043,绿岛风
301515,港通医疗
301567,贝隆精密
002779,中坚科技
301122,采纳股份
600215,派斯林
002743,富煌钢构
688418,震有科技
002693,双成药业
002512,达华智能
002491,通鼎互联
000692,惠天热电
603082,XD北自科
603980,吉华集团
301258,富士莱
688222,成都先导
000720,新能泰山
603212,赛伍技术
301025,读客文化
301139,元道通信
603017,中衡设计
002909,集泰股份
300897,山科智能
001296,长江材料
688067,爱威科技
600819,耀皮玻璃
301365,矩阵股份
300771,智莱科技
600981,汇鸿集团
002337,赛象科技
003010,若羽臣
603616,韩建河山
002765,蓝黛科技
300289,利德曼
000009,中国宝安
603289,泰瑞机器
300987,川网传媒
002164,宁波东力
002985,北摩高科
688215,瑞晟智能
688158,优刻得-W
301270,汉仪股份
002883,中设股份
688291,金橙子
002062,宏润建设
300277,海联讯
000868,安凯客车
002112,三变科技
002459,晶澳科技
001231,农心科技
688573,信宇人
301020,密封科技
301325,曼恩斯特
605388,均瑶健康
600520,文一科技
603045,福达合金
688277,天智航-U
002855,捷荣技术
600316,洪都航空
600718,东软集团
301053,远信工业
600661,昂立教育
600463,空港股份
600408,安泰集团
300541,先进数通
300118,东方日升
000545,金浦钛业
605369,拱东医疗
603618,杭电股份
603189,网达软件
002589,瑞康医药
002375,亚厦股份
301148,嘉戎技术
002793,罗欣药业
000503,国新健康
300798,锦鸡股份
000665,湖北广电
000595,宝塔实业
000042,中洲控股
300718,长盛轴承
600099,林海股份
688170,XD德龙激
301290,东星医疗
301038,深水规院
688382,益方生物-U
688152,麒麟信安
603070,XD万控智
002527,新时达
001239,永达股份
002347,泰尔股份
603655,朗博科技
300222,科大智能
600768,宁波富邦
301323,新莱福
301069,凯盛新材
300355,蒙草生态
688395,正弦电气
301072,中捷精工
002291,遥望科技
002148,北纬科技
301060,兰卫医学
000590,启迪药业
300522,世名科技
301100,风光股份
002712,思美传媒
001373,翔腾新材
300884,狄耐克
603042,华脉科技
001212,中旗新材
300007,汉威科技
688322,奥比中光-UW
300899,上海凯鑫
603221,爱丽家居
002795,永和智控
603810,丰山集团
300593,新雷能
002085,万丰奥威
688005,容百科技
603098,森特股份
603966,法兰泰克
300420,五洋自控
300649,杭州园林
300895,铜牛信息
688207,格灵深瞳
002012,凯恩股份
300853,申昊科技
300883,龙利得
002829,星网宇达
688373,盟科药业-U
301055,张小泉
002218,拓日新能
688020,方邦股份
601177,杭齿前进
002082,万邦德
600769,祥龙电业
600883,博闻科技
603335,迪生力
300707,威唐工业
301135,瑞德智能
601002,晋亿实业
300365,恒华科技
301001,凯淳股份
300460,惠伦晶体
002642,荣联科技
300609,汇纳科技
001255,博菲电气
300871,回盛生物
300284,苏交科
605398,新炬网络
301019,宁波色母
688776,国光电气
600082,海泰发展
300528,幸福蓝海
000565,渝三峡Ａ
300972,万辰集团
300995,奇德新材
301116,益客食品
300123,亚光科技
688671,碧兴物联
688283,坤恒顺维
603982,泉峰汽车
300571,平治信息
600540,新赛股份
301213,观想科技
001314,亿道信息
601012,隆基绿能
003017,大洋生物
301120,新特电气
301011,华立科技
002715,登云股份
300212,易华录
002350,北京科锐
300816,艾可蓝
688079,美迪凯
002830,名雕股份
603887,城地香江
002900,哈三联
688588,凌志软件
300847,中船汉光
688660,电气风电
300992,泰福泵业
605018,长华集团
300375,鹏翎股份
300520,科大国创
301212,联盛化学
300006,莱美药业
603232,格尔软件
300471,厚普股份
688468,科美诊断
300086,康芝药业
000593,德龙汇能
688177,百奥泰
600397,安源煤业
002575,群兴玩具
001207,联科科技
300966,共同药业
603385,惠达卫浴
601616,广电电气
000014,沙河股份
688238,和元生物
600770,综艺股份
002084,海鸥住工
300937,药易购
300280,紫天科技
301057,汇隆新材
300681,英搏尔
301067,显盈科技
688369,致远互联
300813,泰林生物
600231,凌钢股份
688175,DR高凌信
002513,蓝丰生化
300380,安硕信息
002131,利欧股份
300149,睿智医药
300169,天晟新材
002403,爱仕达
300826,测绘股份
301163,宏德股份
603657,春光科技
300005,探路者
300845,捷安高科
603333,尚纬股份
300271,华宇软件
002009,天奇股份
003005,竞业达
300111,向日葵
603029,天鹅股份
605066,天正电气
301266,宇邦新材
603138,海量数据
300830,金现代
688055,龙腾光电
300663,科蓝软件
688221,前沿生物-U
000035,中国天楹
688186,广大特材
300680,隆盛科技
000838,财信发展
002313,日海智能
002245,蔚蓝锂芯
300931,通用电梯
002842,翔鹭钨业
605577,龙版传媒
688330,宏力达
002805,丰元股份
688045,必易微
301024,霍普股份
688229,博睿数据
002889,东方嘉盛
301185,鸥玛软件
300778,新城市
603985,恒润股份
300170,汉得信息
002685,华东重机
002853,皮阿诺
000721,西安饮食
301118,恒光股份
600865,百大集团
603988,中电电机
603106,恒银科技
300065,海兰信
605136,XD丽人丽
000972,中基健康
000753,漳州发展
300614,百川畅银
603192,汇得科技
000856,冀东装备
300606,金太阳
300399,天利科技
002940,昂利康
688678,DR福立旺
300569,天能重工
300900,广联航空
300746,汉嘉设计
688328,深科达
300344,立方数科
300956,英力股份
603048,浙江黎明
002453,华软科技
300941,创识科技
600410,华胜天成
002787,华源控股
300793,佳禾智能
002921,联诚精密
603028,赛福天
603188,亚邦股份
002295,精艺股份
002686,亿利达
003001,中岩大地
001278,一彬科技
002306,中科云网
301021,英诺激光
688711,宏微科技
600435,北方导航
300248,新开普
300843,胜蓝股份
300645,正元智慧
002321,华英农业
600538,国发股份
300512,中亚股份
301536,星宸科技
300461,田中精机
301179,泽宇智能
301102,兆讯传媒
002388,新亚制程
300658,延江股份
600605,汇通能源
603718,海利生物
600281,华阳新材
600828,茂业商业
002357,富临运业
301302,华如科技
300844,山水比德
605033,美邦股份
002279,久其软件
301030,仕净科技
300449,汉邦高科
002022,科华生物
600396,金山股份
301007,德迈仕
300805,电声股份
003016,欣贺股份
600423,柳化股份
301313,凡拓数创
300983,尤安设计
688216,气派科技
301177,迪阿股份
603916,苏博特
300615,欣天科技
002413,雷科防务
000010,美丽生态
603121,华培动力
600493,凤竹纺织
688528,秦川物联
605286,同力日升
002451,摩恩电气
688716,中研股份
002480,新筑股份
002253,川大智胜
688096,京源环保
301003,江苏博云
688522,纳睿雷达
002431,棕榈股份
000980,众泰汽车
000608,阳光股份
603811,诚意药业
002702,海欣食品
002630,华西能源
300016,北陆药业
688618,三旺通信
300923,研奥股份
603110,东方材料
603680,今创集团
000564,供销大集
003028,振邦智能
600773,西藏城投
002703,浙江世宝
002898,赛隆药业
300340,科恒股份
300247,融捷健康
301298,东利机械
603790,雅运股份
605255,天普股份
688060,云涌科技
300155,安居宝
600421,华嵘控股
600343,航天动力
600609,金杯汽车
301168,通灵股份
301197,工大科雅
600800,渤海化学
301037,保立佳
688132,邦彦技术
002105,信隆健康
603949,雪龙集团
002369,卓翼科技
300295,三六五网
600052,东望时代
001300,三柏硕
002762,金发拉比
600822,上海物贸
603950,长源东谷
301016,雷尔伟
002767,先锋电子
300082,奥克股份
603038,DR华立股
605122,四方新材
301596,瑞迪智驱
002868,绿康生化
300515,三德科技
688225,亚信安全
603615,茶花股份
603006,联明股份
300099,尤洛卡
300288,朗玛信息
688022,瀚川智能
300168,万达信息
002209,达 意 隆
301178,天亿马
002231,奥维通信
300560,中富通
688148,芳源股份
002031,巨轮智能
002298,中电兴发
300459,汤姆猫
002122,汇洲智能
301133,金钟股份
600241,时代万恒
300971,博亚精工
603065,宿迁联盛
603139,康惠制药
688118,普元信息
688211,中科微至
300549,优德精密
300374,中铁装配
600088,中视传媒
600448,华纺股份
600243,青海华鼎
301058,中粮科工
300469,信息发展
002995,天地在线
002343,慈文传媒
300905,宝丽迪
002560,通达股份
688523,航天环宇
002631,德尔未来
002678,珠江钢琴
600405,动力源
300877,金春股份
300276,三丰智能
301276,嘉曼服饰
301105,鸿铭股份
002132,恒星科技
688348,昱能科技
603958,哈森股份
301091,深城交
600326,西藏天路
300157,新锦动力
000701,厦门信达
300894,火星人
300886,华业香料
301222,浙江恒威
300603,立昂技术
002278,神开股份
300640,德艺文创
300241,瑞丰光电
301186,超达装备
300477,合纵科技
002565,顺灏股份
688353,华盛锂电
000605,渤海股份
300701,森霸传感
301372,科净源
300635,中达安
688306,均普智能
300978,东箭科技
301075,多瑞医药
300608,思特奇
300688,创业黑马
300490,华自科技
000931,中 关 村
600227,赤天化
002549,凯美特气
300581,晨曦航空
301081,严牌股份
600965,福成股份
002766,索菱股份
300935,盈建科
301052,果麦文化
300500,启迪设计
301010,晶雪节能
002819,东方中科
688026,洁特生物
301288,清研环境
300629,新劲刚
301234,五洲医疗
300535,达威股份
002094,青岛金王
300863,卡倍亿
600302,标准股份
001236,弘业期货
000159,国际实业
002547,春兴精工
688201,信安世纪
300961,深水海纳
601798,蓝科高新
688788,科思科技
000890,法尔胜
002809,红墙股份
300868,杰美特
300426,唐德影视
688681,科汇股份
300517,海波重科
600199,金种子酒
000158,常山北明
301009,可靠股份
300885,海昌新材
002535,林州重机
300386,飞天诚信
688579,山大地纬
603099,长白山
002666,德联集团
688023,安恒信息
000573,粤宏远Ａ
301095,广立微
688496,清越科技
600355,精伦电子
301226,祥明智能
600689,上海三毛
301396,宏景科技
301459,丰茂股份
002370,亚太药业
300097,智云股份
300561,汇金科技
603917,合力科技
688031,星环科技-U
002521,齐峰新材
300126,锐奇股份
300698,万马科技
600455,博通股份
605180,华生科技
600379,宝光股份
600615,丰华股份
002769,普路通
002248,华东数控
603320,迪贝电气
301119,正强股份
000546,金圆股份
300098,高新兴
300565,科信技术
002799,环球印务
000788,北大医药
605228,神通科技
300585,奥联电子
600232,金鹰股份
688051,佳华科技
300929,华骐环保
688511,天微电子
002205,国统股份
301062,上海艾录
300732,设研院
002823,凯中精密
605588,冠石科技
300562,乐心医疗
000561,烽火电子
002420,毅昌科技
300366,创意信息
002227,奥 特 迅
002629,仁智股份
600811,东方集团
688616,西力科技
688280,精进电动-UW
603918,金桥信息
002679,福建金森
301300,远翔新材
688707,振华新材
301098,金埔园林
301198,喜悦智行
300753,爱朋医疗
002599,盛通股份
301056,森赫股份
300920,润阳科技
300484,蓝海华腾
600620,天宸股份
600152,维科技术
000020,深华发Ａ
000619,海螺新材
603660,苏州科达
300094,国联水产
600476,湘邮科技
003042,中农联合
002021,中捷资源
002789,建艺集团
603797,联泰环保
003003,天元股份
688722,同益中
002199,东晶电子
003037,三和管桩
603032,德新科技
300837,浙矿股份
300667,必创科技
301230,泓博医药
300447,全信股份
300508,维宏股份
300250,初灵信息
002778,中晟高科
688081,兴图新科
300465,高伟达
301167,建研设计
603499,翔港科技
301591,肯特股份
300611,美力科技
300890,翔丰华
000710,贝瑞基因
000586,汇源通信
002843,泰嘉股份
688517,XD金冠电
603226,菲林格尔
300846,首都在线
300195,长荣股份
002827,高争民爆
301187,欧圣电气
002910,庄园牧场
600119,长江投资
002836,新宏泽
600156,华升股份
688247,宣泰医药
300730,科创信息
600889,南京化纤
300422,博世科
688429,时创能源
300265,通光线缆
000659,珠海中富
300605,恒锋信息
300405,科隆股份
300546,雄帝科技
301231,荣信文化
000881,中广核技
002927,泰永长征
603789,星光农机
300324,旋极信息
603429,集友股份
603860,中公高科
000626,远大控股
301169,零点有数
002931,锋龙股份
002069,獐子岛
688562,航天软件
002354,天娱数科
688512,慧智微-U
300412,迦南科技
002284,亚太股份
300591,万里马
300299,富春股份
300245,天玑科技
000892,欢瑞世纪
301131,聚赛龙
688178,万德斯
002529,海源复材
002696,百洋股份
301066,万事利
603813,原尚股份
688659,元琛科技
002590,万安科技
002520,日发精机
300659,中孚信息
002571,德力股份
300397,天和防务
600561,江西长运
301077,星华新材
300963,中洲特材
300959,线上线下
300713,英可瑞
002647,仁东控股
300766,每日互动
300696,爱乐达
300710,万隆光电
000697,炼石航空
301070,开勒股份
301005,超捷股份
002628,成都路桥
301027,华蓝集团
002928,华夏航空
301002,崧盛股份
688226,威腾电气
300071,福石控股
301113,雅艺科技
603776,永安行
603365,水星家纺
603767,中马传动
002865,钧达股份
600831,广电网络
600880,博瑞传播
688499,利元亨
300440,运达科技
603136,天目湖
300176,派生科技
300061,旗天科技
300892,品渥食品
301252,同星科技
000910,大亚圣象
300889,爱克股份
000663,永安林业
688315,诺禾致源
300984,金沃股份
002760,凤形股份
300044,赛为智能
301509,金凯生科
300904,威力传动
600370,三房巷
300112,万讯自控
301228,实朴检测
002178,延华智能
300485,赛升药业
301112,信邦智能
688113,联测科技
603389,亚振家居
000056,皇庭国际
301125,腾亚精工
300982,苏文电能
300980,祥源新材
300414,中光防雷
600936,广西广电
300854,中兰环保
605378,DR野马电
300237,美晨生态
603729,龙韵股份
300786,国林科技
688595,芯海科技
002405,四维图新
001339,智微智能
300334,津膜科技
002622,皓宸医疗
300686,智动力
301032,新柴股份
002798,帝欧家居
603131,上海沪工
601011,宝泰隆
301040,中环海陆
688189,南新制药
301309,万得凯
002861,瀛通通讯
300767,震安科技
600610,中毅达
300507,苏奥传感
300329,海伦钢琴
300148,天舟文化
002596,海南瑞泽
301337,亚华电子
688365,光云科技
688311,盟升电子
002718,友邦吊顶
688619,罗普特
605069,正和生态
002591,恒大高新
603803,瑞斯康达
600774,汉商集团
688302,海创药业-U
300825,阿尔特
688066,航天宏图
688443,智翔金泰-U
301429,森泰股份
600067,冠城大通
603261,立航科技
300626,华瑞股份
600319,亚星化学
001316,润贝航科
301195,北路智控
001260,坤泰股份
600696,岩石股份
300050,世纪鼎利
300689,澄天伟业
301588,美新科技
300211,亿通科技
600630,龙头股份
002593,日上集团
603717,天域生态
603488,展鹏科技
300970,华绿生物
002817,黄山胶囊
300411,金盾股份
300648,星云股份
603095,越剑智能
300279,和晶科技
688636,智明达
688184,帕瓦股份
000678,襄阳轴承
603009,北特科技
688228,开普云
688021,奥福环保
605303,园林股份
002123,梦网科技
688609,九联科技
300419,浩丰科技
300989,蕾奥规划
688171,纬德信息
300547,川环科技
301378,通达海
300780,德恩精工
001259,利仁科技
688109,品茗科技
688273,麦澜德
300423,昇辉科技
000633,合金投资
688669,聚石化学
300564,筑博设计
600107,美尔雅
688070,纵横股份
300030,阳普医疗
300103,达刚控股
301152,天力锂能
002887,绿茵生态
300448,浩云科技
300379,东方通
600730,中国高科
603895,天永智能
002514,宝馨科技
301117,佳缘科技
688038,中科通达
600084,中信尼雅
603390,通达电气
688590,新致软件
603598,引力传媒
003036,泰坦股份
301232,飞沃科技
301273,瑞晨环保
300518,新迅达
300599,雄塑科技
688680,海优新材
600962,国投中鲁
605488,福莱新材
300478,杭州高新
301008,宏昌科技
301428,世纪恒通
300385,雪浪环境
300264,佳创视讯
002977,天箭科技
301321,翰博高新
301192,泰祥股份
300551,古鳌科技
002495,佳隆股份
003029,吉大正元
300509,新美星
002620,瑞和股份
002397,梦洁股份
300948,冠中生态
002890,弘宇股份
002235,安妮股份
002331,皖通科技
000702,正虹科技
600590,泰豪科技
688310,迈得医疗
300865,大宏立
300588,熙菱信息
300150,世纪瑞尔
603286,日盈电子
603909,建发合诚
000638,万方发展
600265,景谷林业
301129,瑞纳智能
603272,联翔股份
002941,新疆交建
300602,飞荣达
688039,当虹科技
002193,如意集团
603268,松发股份
300189,神农科技
603316,诚邦股份
002168,惠程科技
300550,和仁科技
600358,国旅联合
300665,飞鹿股份
603315,福鞍股份
002963,豪尔赛
300093,金刚光伏
688622,禾信仪器
002524,光正眼科
001358,兴欣新材
002848,高斯贝尔
688004,博汇科技
000826,启迪环境
001266,宏英智能
300175,朗源股份
688084,晶品特装
301215,中汽股份
600881,亚泰集团
300810,中科海讯
002717,岭南股份
300514,友讯达
300716,泉为科技
002886,沃特股份
688011,新光光电
002377,国创高新
688296,和达科技
301159,三维天地
603196,日播时尚
002669,康达新材
003004,声迅股份
603787,新日股份
688670,金迪克
002355,兴民智通
300242,佳云科技
688679,通源环境
688210,统联精密
000995,皇台酒业
300922,天秦装备
002269,美邦服饰
688651,盛邦安全
603991,至正股份
300333,兆日科技
300745,欣锐科技
300668,杰恩设计
002072,凯瑞德
301126,达嘉维康
688682,霍莱沃
300056,中创环保
300733,西菱动力
301357,北方长龙
300949,奥雅股份
600843,上工申贝
300539,横河精密
301086,鸿富瀚
300942,易瑞生物
000151,中成股份
300180,华峰超纤
000982,中银绒业
300952,恒辉安防
688288,鸿泉物联
300912,凯龙高科
688631,莱斯信息
603458,勘设股份
300269,联建光电
300472,新元科技
688701,卓锦股份
301488,豪恩汽电
300266,兴源环境
603176,汇通集团
300081,恒信东方
688172,燕东微
002806,华锋股份
300840,酷特智能
301578,辰奕智能
301516,中远通
300647,超频三
300927,江天化学
002232,启明信息
300977,深圳瑞捷
601929,吉视传媒
300928,华安鑫创
688565,力源科技
300720,海川智能
688287,观典防务
002323,雅博股份
688071,华依科技
300159,新研股份
000861,海印股份
600467,好当家
300901,中胤时尚
600225,卓朗科技
301413,安培龙
000509,华塑控股
000639,西王食品
002645,华宏科技
600653,申华控股
002256,兆新股份
000632,三木集团
603843,正平股份
600682,南京新百
600202,哈空调
600539,狮头股份
600841,动力新科
603021,山东华鹏
600626,申达股份
002173,创新医疗
000510,新金路
002474,榕基软件
002058,威尔泰
002691,冀凯股份
000820,神雾节能
605178,时空科技
002667,威领股份
000757,浩物股份
000712,锦龙股份
002427,尤夫股份
603580,艾艾精工
002319,乐通股份
002055,得润电子
600624,复旦复华
600537,亿晶光电
300152,新动力
002813,路畅科技
002811,郑中设计
002494,华斯股份
000816,智慧农业
000592,平潭发展
603863,松炀资源
603709,中源家居
002729,好利科技
603466,风语筑
001226,拓山重工
603628,清源股份
002633,申科股份
603359,东珠生态
603955,大千生态
600753,庚星股份
605081,太和水
603177,德创环保
002713,东易日盛
000004,国华网安
002297,博云新材
600868,梅雁吉祥
600212,绿能慧充
603969,银龙股份
000955,欣龙控股
002486,嘉麟杰
600203,福日电子
002047,宝鹰股份
000679,大连友谊
002471,中超控股
600386,北巴传媒
300310,宜通世纪
600187,国中水务
000953,河化股份
300932,三友联众
600162,XD香江控
300417,南华仪器
002640,跨境通
600297,广汇汽车
300135,宝利国际
300198,纳川股份
301505,苏州规划
301349,信德新材
300940,南极光
300637,扬帆新材
300823,建科机械
300391,长药控股
301339,通行宝
300353,东土科技
688456,有研粉材
688509,正元地信
301082,久盛电气
301508,中机认检
300943,春晖智控
300281,金明精机
301392,C汇成真
300305,裕兴股份
301079,邵阳液压
300925,法本信息
300311,任子行
300287,飞利信
688218,江苏北人
301180,万祥科技
300817,双飞集团
300807,天迈科技
300486,东杰智能
300292,吴通控股
300369,绿盟科技
301221,光庭信息
301136,招标股份
300165,天瑞仪器
301361,众智科技
300410,正业科技
301550,斯菱股份
300177,中海达
300462,华铭智能
300572,安车检测
301083,百胜智能
300270,中威电子
300137,先河环保
002087,新纺退
000996,中期退
